EURUSD;D;20150101;000000;1.2100300;1.2104000;1.2091800;1.2096500;19.776
EURUSD;D;20150102;000000;1.2101000;1.2107500;1.2000000;1.2003200;914.747
EURUSD;D;20150103;000000;1.2003000;1.2006300;1.1992500;1.1996500;22.427
EURUSD;D;20150104;000000;1.2001000;1.2005100;1.1995300;1.2000000;5.052
EURUSD;D;20150105;000000;1.1999900;1.2002500;1.1865000;1.1936200;1.468.035
EURUSD;D;20150106;000000;1.1935800;1.1968700;1.1881000;1.1898300;1.600.873
EURUSD;D;20150107;000000;1.1898300;1.1899300;1.1799000;1.1832000;1.673.827
EURUSD;D;20150108;000000;1.1832100;1.1847600;1.1752000;1.1788100;1.469.153
EURUSD;D;20150109;000000;1.1788200;1.1846000;1.1761000;1.1843000;1.426.418
EURUSD;D;20150110;000000;1.1842600;1.1844800;1.1827900;1.1835900;26.659
EURUSD;D;20150111;000000;1.1840000;1.1855000;1.1837000;1.1850800;9.755
EURUSD;D;20150112;000000;1.1850700;1.1870900;1.1784000;1.1836500;1.100.164
EURUSD;D;20150113;000000;1.1836500;1.1859700;1.1752000;1.1771000;1.281.423
EURUSD;D;20150114;000000;1.1770800;1.1846000;1.1726000;1.1788600;1.446.270
EURUSD;D;20150115;000000;1.1789300;1.1792900;1.1566900;1.1618300;1.891.927
EURUSD;D;20150116;000000;1.1618400;1.1650000;1.1458000;1.1568700;1.614.910
EURUSD;D;20150117;000000;1.1568800;1.1575000;1.1551400;1.1568900;26.206
EURUSD;D;20150118;000000;1.1547400;1.1565000;1.1541500;1.1542000;2.381
EURUSD;D;20150119;000000;1.1541900;1.1640000;1.1541500;1.1608900;1.268.306
EURUSD;D;20150120;000000;1.1608700;1.1614900;1.1538000;1.1550900;1.410.661
EURUSD;D;20150121;000000;1.1550900;1.1679600;1.1539000;1.1588100;1.544.104
EURUSD;D;20150122;000000;1.1588200;1.1651400;1.1350000;1.1360400;1.763.324
EURUSD;D;20150123;000000;1.1360100;1.1373900;1.1113000;1.1207700;2.019.028
EURUSD;D;20150124;000000;1.1207600;1.1258000;1.1195500;1.1203100;36.137
EURUSD;D;20150125;000000;1.1185000;1.1195000;1.1135900;1.1155800;5.768
EURUSD;D;20150126;000000;1.1156000;1.1295800;1.1096600;1.1262300;1.574.976
EURUSD;D;20150127;000000;1.1261800;1.1422500;1.1221000;1.1379100;1.691.391
EURUSD;D;20150128;000000;1.1379300;1.1383200;1.1281000;1.1289100;1.616.032
EURUSD;D;20150129;000000;1.1289000;1.1368000;1.1260000;1.1324400;1.568.762
EURUSD;D;20150130;000000;1.1324300;1.1363800;1.1277000;1.1299400;1.518.414
EURUSD;D;20150131;000000;1.1299400;1.1300000;1.1272500;1.1285900;37.655
EURUSD;D;20150202;000000;1.1318300;1.1362100;1.1290000;1.1335000;1.313.264
EURUSD;D;20150203;000000;1.1334800;1.1533800;1.1311000;1.1482400;1.705.132
EURUSD;D;20150204;000000;1.1481800;1.1488900;1.1378000;1.1390500;1.548.399
EURUSD;D;20150205;000000;1.1389500;1.1498800;1.1302000;1.1486000;1.819.959
EURUSD;D;20150206;000000;1.1485800;1.1486700;1.1310000;1.1319900;1.467.329
EURUSD;D;20150207;000000;1.1319400;1.1323900;1.1309500;1.1309500;27.139
EURUSD;D;20150208;000000;1.1315000;1.1330200;1.1282400;1.1294900;8.894
EURUSD;D;20150209;000000;1.1292100;1.1359600;1.1267000;1.1323600;1.359.063
EURUSD;D;20150210;000000;1.1323500;1.1345500;1.1271000;1.1315800;1.431.443
EURUSD;D;20150211;000000;1.1316100;1.1331500;1.1277000;1.1293200;1.255.230
EURUSD;D;20150212;000000;1.1292500;1.1423100;1.1286000;1.1410300;1.667.149
EURUSD;D;20150213;000000;1.1410300;1.1443100;1.1377000;1.1398200;1.313.577
EURUSD;D;20150214;000000;1.1398500;1.1401500;1.1373500;1.1377500;23.079
EURUSD;D;20150215;000000;1.1381700;1.1423000;1.1379000;1.1404500;2.485
EURUSD;D;20150216;000000;1.1404900;1.1430000;1.1318000;1.1346100;937.295
EURUSD;D;20150217;000000;1.1346100;1.1449000;1.1321000;1.1417300;1.419.584
EURUSD;D;20150218;000000;1.1417400;1.1419400;1.1332000;1.1399500;1.235.068
EURUSD;D;20150219;000000;1.1397900;1.1450100;1.1354800;1.1359500;1.174.364
EURUSD;D;20150220;000000;1.1359500;1.1429700;1.1277900;1.1376900;1.455.857
EURUSD;D;20150221;000000;1.1376300;1.1384400;1.1369100;1.1379300;26.146
EURUSD;D;20150222;000000;1.1399000;1.1412000;1.1382500;1.1400800;7.075
EURUSD;D;20150223;000000;1.1400700;1.1403000;1.1292000;1.1331600;1.084.328
EURUSD;D;20150224;000000;1.1331600;1.1358100;1.1287000;1.1342400;1.356.391
EURUSD;D;20150225;000000;1.1342600;1.1390000;1.1333000;1.1364300;1.277.649
EURUSD;D;20150226;000000;1.1363500;1.1380000;1.1182000;1.1197900;1.315.421
EURUSD;D;20150227;000000;1.1197900;1.1245100;1.1173000;1.1189800;1.366.545
EURUSD;D;20150228;000000;1.1189900;1.1197800;1.1186600;1.1191600;15.381
EURUSD;D;20150301;000000;1.1186000;1.1187000;1.1169200;1.1172200;8.865
EURUSD;D;20150302;000000;1.1177000;1.1240500;1.1157000;1.1181000;875.091
EURUSD;D;20150303;000000;1.1181200;1.1217500;1.1152000;1.1174500;1.149.620
EURUSD;D;20150304;000000;1.1175000;1.1186600;1.1060000;1.1075700;1.389.164
EURUSD;D;20150305;000000;1.1074600;1.1114400;1.0985000;1.1026000;1.349.380
EURUSD;D;20150306;000000;1.1027700;1.1032700;1.0840000;1.0848800;1.506.182
EURUSD;D;20150307;000000;1.0849300;1.0855000;1.0834600;1.0845500;26.228
EURUSD;D;20150308;000000;1.0830000;1.0839000;1.0821500;1.0829800;10.076
EURUSD;D;20150309;000000;1.0830400;1.0906500;1.0820000;1.0850500;1.146.010
EURUSD;D;20150310;000000;1.0851300;1.0855900;1.0691000;1.0696800;1.687.498
EURUSD;D;20150311;000000;1.0697100;1.0717000;1.0508000;1.0546000;1.971.283
EURUSD;D;20150312;000000;1.0546400;1.0683800;1.0493000;1.0633600;1.993.369
EURUSD;D;20150313;000000;1.0633200;1.0635000;1.0461000;1.0494900;1.707.105
EURUSD;D;20150314;000000;1.0494100;1.0500000;1.0480500;1.0500000;488
EURUSD;D;20150315;000000;1.0479000;1.0485400;1.0451500;1.0465100;9.102
EURUSD;D;20150316;000000;1.0465000;1.0619400;1.0464900;1.0566000;1.436.274
EURUSD;D;20150317;000000;1.0566600;1.0650800;1.0548000;1.0596600;1.414.716
EURUSD;D;20150318;000000;1.0596900;1.1040000;1.0577000;1.0861300;1.864.706
EURUSD;D;20150319;000000;1.0864000;1.0919800;1.0612100;1.0658400;2.320.793
EURUSD;D;20150320;000000;1.0658300;1.0882400;1.0647000;1.0818400;1.813.598
EURUSD;D;20150321;000000;1.0821800;1.0825000;1.0810000;1.0811500;64
EURUSD;D;20150322;000000;1.0833000;1.0845200;1.0824000;1.0839400;6.507
EURUSD;D;20150323;000000;1.0839300;1.0971300;1.0766000;1.0945000;1.989.567
EURUSD;D;20150324;000000;1.0945400;1.1029400;1.0888000;1.0923000;1.945.426
EURUSD;D;20150325;000000;1.0923000;1.1015000;1.0898000;1.0968200;1.650.246
EURUSD;D;20150326;000000;1.0968100;1.1052300;1.0854000;1.0883200;1.903.891
EURUSD;D;20150327;000000;1.0882600;1.0948800;1.0799000;1.0880600;1.727.831
EURUSD;D;20150328;000000;1.0887000;1.0896000;1.0880900;1.0893500;165
EURUSD;D;20150329;000000;1.0883000;1.0891200;1.0876800;1.0886600;8.460
EURUSD;D;20150330;000000;1.0886000;1.0895000;1.0808000;1.0832200;1.414.851
EURUSD;D;20150331;000000;1.0832200;1.0833100;1.0712000;1.0730600;1.433.964
EURUSD;D;20150401;000000;1.0730300;1.0800100;1.0716000;1.0762400;1.708.973
EURUSD;D;20150402;000000;1.0761600;1.0905500;1.0748000;1.0879400;1.571.152
EURUSD;D;20150403;000000;1.0880000;1.1027000;1.0861000;1.0976400;943.567
EURUSD;D;20150404;000000;1.0967600;1.0976000;1.0963500;1.0963500;90
EURUSD;D;20150405;000000;1.0971000;1.1004000;1.0971000;1.1001400;5.774
EURUSD;D;20150406;000000;1.1001200;1.1035600;1.0907000;1.0920800;937.623
EURUSD;D;20150407;000000;1.0920800;1.0954800;1.0801000;1.0813900;1.615.870
EURUSD;D;20150408;000000;1.0814300;1.0887500;1.0762000;1.0779800;1.777.974
EURUSD;D;20150409;000000;1.0779800;1.0790000;1.0635000;1.0658400;1.649.279
EURUSD;D;20150410;000000;1.0658600;1.0683700;1.0566000;1.0603400;1.609.673
EURUSD;D;20150411;000000;1.0603400;1.0603400;1.0596800;1.0596800;78
EURUSD;D;20150412;000000;1.0599500;1.0602000;1.0580500;1.0584700;5.592
EURUSD;D;20150413;000000;1.0584600;1.0619800;1.0519000;1.0566700;1.634.122
EURUSD;D;20150414;000000;1.0565000;1.0707300;1.0529000;1.0655600;1.678.997
EURUSD;D;20150415;000000;1.0653800;1.0702000;1.0569000;1.0683400;1.875.553
EURUSD;D;20150416;000000;1.0683100;1.0817700;1.0623000;1.0759800;2.184.113
EURUSD;D;20150417;000000;1.0760100;1.0848700;1.0732700;1.0804300;1.915.382
EURUSD;D;20150418;000000;1.0804300;1.0805100;1.0802800;1.0805100;11
EURUSD;D;20150419;000000;1.0830000;1.0830000;1.0809900;1.0817800;6.806
EURUSD;D;20150420;000000;1.0818500;1.0821200;1.0711500;1.0737400;1.523.141
EURUSD;D;20150421;000000;1.0736500;1.0781300;1.0658000;1.0735100;1.604.218
EURUSD;D;20150422;000000;1.0735100;1.0800900;1.0706000;1.0724000;1.674.770
EURUSD;D;20150423;000000;1.0723400;1.0845800;1.0665000;1.0822100;1.824.850
EURUSD;D;20150424;000000;1.0821900;1.0900200;1.0782000;1.0868500;1.842.079
EURUSD;D;20150425;000000;1.0868500;1.0873400;1.0868500;1.0869500;25
EURUSD;D;20150426;000000;1.0860000;1.0868100;1.0855700;1.0863000;953
EURUSD;D;20150427;000000;1.0862400;1.0926600;1.0818000;1.0889800;1.545.618
EURUSD;D;20150428;000000;1.0889300;1.0991100;1.0859000;1.0980200;1.716.751
EURUSD;D;20150429;000000;1.0979900;1.1187900;1.0957000;1.1127500;2.001.251
EURUSD;D;20150430;000000;1.1127600;1.1266200;1.1069000;1.1223600;2.192.275
EURUSD;D;20150501;000000;1.1223000;1.1290000;1.1173800;1.1198000;1.559.152
EURUSD;D;20150502;000000;1.1200000;1.1201600;1.1195800;1.1195800;80
EURUSD;D;20150503;000000;1.1200000;1.1200000;1.1178000;1.1190100;2.862
EURUSD;D;20150504;000000;1.1196600;1.1224600;1.1120000;1.1145100;1.333.793
EURUSD;D;20150505;000000;1.1144900;1.1223100;1.1064000;1.1185100;1.525.152
EURUSD;D;20150506;000000;1.1184700;1.1370100;1.1173000;1.1346500;1.570.924
EURUSD;D;20150507;000000;1.1345600;1.1391700;1.1236000;1.1264100;1.484.929
EURUSD;D;20150508;000000;1.1266000;1.1288700;1.1177000;1.1201500;1.514.040
EURUSD;D;20150509;000000;1.1200000;1.1205900;1.1192000;1.1192000;45
EURUSD;D;20150510;000000;1.1196000;1.1202300;1.1191000;1.1194000;4.391
EURUSD;D;20150511;000000;1.1197200;1.1206500;1.1128000;1.1153900;1.254.470
EURUSD;D;20150512;000000;1.1155100;1.1278800;1.1131000;1.1212000;1.210.013
EURUSD;D;20150513;000000;1.1212700;1.1382700;1.1201000;1.1353300;1.312.699
EURUSD;D;20150514;000000;1.1352600;1.1444700;1.1338000;1.1409900;1.342.570
EURUSD;D;20150515;000000;1.1409300;1.1466700;1.1321000;1.1448000;1.308.538
EURUSD;D;20150516;000000;1.1448400;1.1451000;1.1442000;1.1442000;115
EURUSD;D;20150517;000000;1.1450000;1.1450000;1.1430000;1.1445600;610
EURUSD;D;20150518;000000;1.1447500;1.1449300;1.1297000;1.1314000;1.216.743
EURUSD;D;20150519;000000;1.1312300;1.1326400;1.1117000;1.1148300;1.480.185
EURUSD;D;20150520;000000;1.1149400;1.1153000;1.1060000;1.1091700;1.596.165
EURUSD;D;20150521;000000;1.1091900;1.1181400;1.1077000;1.1111200;1.362.733
EURUSD;D;20150522;000000;1.1111600;1.1208400;1.0999000;1.1007000;1.324.756
EURUSD;D;20150523;000000;1.1009800;1.1012000;1.1002000;1.1002000;28
EURUSD;D;20150524;000000;1.1003000;1.1006000;1.0993300;1.0997900;7.813
EURUSD;D;20150525;000000;1.1001500;1.1009700;1.0956000;1.0976000;607.677
EURUSD;D;20150526;000000;1.0977500;1.0981200;1.0861000;1.0870100;1.327.629
EURUSD;D;20150527;000000;1.0871400;1.0930000;1.0817000;1.0902500;1.308.450
EURUSD;D;20150528;000000;1.0902800;1.0958800;1.0866000;1.0947000;1.440.393
EURUSD;D;20150529;000000;1.0947500;1.1006300;1.0924000;1.0984900;1.294.992
EURUSD;D;20150530;000000;1.0990400;1.0990900;1.0988600;1.0990800;14
EURUSD;D;20150531;000000;1.0990400;1.0990400;1.0973900;1.0978300;4.531
EURUSD;D;20150601;000000;1.0976900;1.0989500;1.0885000;1.0924100;1.282.819
EURUSD;D;20150602;000000;1.0925600;1.1194100;1.0914000;1.1149700;1.545.673
EURUSD;D;20150603;000000;1.1148800;1.1285100;1.1078700;1.1273700;1.509.082
EURUSD;D;20150604;000000;1.1272800;1.1380000;1.1222000;1.1236800;1.507.267
EURUSD;D;20150605;000000;1.1237000;1.1280000;1.1048000;1.1110700;1.505.948
EURUSD;D;20150606;000000;1.1110300;1.1113100;1.1106800;1.1106800;80
EURUSD;D;20150607;000000;1.1110000;1.1110000;1.1077100;1.1092000;6.755
EURUSD;D;20150608;000000;1.1094900;1.1306900;1.1081000;1.1290600;1.333.769
EURUSD;D;20150609;000000;1.1290900;1.1345400;1.1212000;1.1281600;1.481.399
EURUSD;D;20150610;000000;1.1280600;1.1386500;1.1259100;1.1322100;1.627.431
EURUSD;D;20150611;000000;1.1322000;1.1332000;1.1181000;1.1257300;1.302.889
EURUSD;D;20150612;000000;1.1256400;1.1296500;1.1148000;1.1264800;1.426.355
EURUSD;D;20150613;000000;1.1265700;1.1265700;1.1257100;1.1257100;92
EURUSD;D;20150614;000000;1.1230000;1.1237000;1.1206100;1.1208300;6.520
EURUSD;D;20150615;000000;1.1210900;1.1294400;1.1186000;1.1282600;1.219.170
EURUSD;D;20150616;000000;1.1283100;1.1330000;1.1203000;1.1247000;1.147.108
EURUSD;D;20150617;000000;1.1247600;1.1357800;1.1203700;1.1336600;1.317.936
EURUSD;D;20150618;000000;1.1335400;1.1436400;1.1329000;1.1356000;1.387.360
EURUSD;D;20150619;000000;1.1357700;1.1400300;1.1291000;1.1348700;1.102.401
EURUSD;D;20150620;000000;1.1351000;1.1355000;1.1346000;1.1350000;111
EURUSD;D;20150621;000000;1.1362000;1.1382000;1.1360000;1.1372500;4.958
EURUSD;D;20150622;000000;1.1372400;1.1410300;1.1311000;1.1339500;1.177.070
EURUSD;D;20150623;000000;1.1340300;1.1347400;1.1133900;1.1166200;1.580.969
EURUSD;D;20150624;000000;1.1166800;1.1234700;1.1153000;1.1200700;1.706.033
EURUSD;D;20150625;000000;1.1203000;1.1227700;1.1151000;1.1202700;1.499.489
EURUSD;D;20150626;000000;1.1203400;1.1220000;1.1129000;1.1159100;1.439.183
EURUSD;D;20150627;000000;1.1165400;1.1167500;1.1161700;1.1161700;89
EURUSD;D;20150628;000000;1.1026000;1.1042000;1.0995000;1.1002800;2.221
EURUSD;D;20150629;000000;1.1002600;1.1278500;1.0951300;1.1235000;2.162.027
EURUSD;D;20150630;000000;1.1235000;1.1244300;1.1111000;1.1135700;1.871.867
EURUSD;D;20150701;000000;1.1135700;1.1171300;1.1041000;1.1051700;1.616.199
EURUSD;D;20150702;000000;1.1051700;1.1121200;1.1030000;1.1082200;1.484.312
EURUSD;D;20150703;000000;1.1083200;1.1120000;1.1064000;1.1093900;1.212.575
EURUSD;D;20150704;000000;1.1112000;1.1115000;1.1112000;1.1115000;10
EURUSD;D;20150705;000000;1.1000000;1.1017100;1.0976400;1.0984000;1.098
EURUSD;D;20150706;000000;1.0989000;1.1095500;1.0968300;1.1055100;1.380.561
EURUSD;D;20150707;000000;1.1055600;1.1059000;1.0914000;1.1010300;1.801.661
EURUSD;D;20150708;000000;1.1010200;1.1092800;1.0971000;1.1074500;1.848.013
EURUSD;D;20150709;000000;1.1076000;1.1124900;1.0990000;1.1035700;1.702.346
EURUSD;D;20150710;000000;1.1035600;1.1216000;1.1027600;1.1160500;1.835.983
EURUSD;D;20150711;000000;1.1162000;1.1162000;1.1149700;1.1151600;10
EURUSD;D;20150712;000000;1.1110000;1.1125700;1.1085000;1.1091900;4.294
EURUSD;D;20150713;000000;1.1094300;1.1196900;1.0993900;1.1004000;1.651.089
EURUSD;D;20150714;000000;1.1000700;1.1084600;1.0964000;1.1008500;1.490.836
EURUSD;D;20150715;000000;1.1007800;1.1035600;1.0928000;1.0945300;1.591.518
EURUSD;D;20150716;000000;1.0945700;1.0962700;1.0854000;1.0874500;1.613.364
EURUSD;D;20150717;000000;1.0872400;1.0906900;1.0826500;1.0827700;1.433.083
EURUSD;D;20150718;000000;1.0827700;1.0829000;1.0824000;1.0828000;123
EURUSD;D;20150719;000000;1.0832000;1.0839500;1.0829000;1.0830000;301
EURUSD;D;20150720;000000;1.0829900;1.0870300;1.0807000;1.0824400;1.107.814
EURUSD;D;20150721;000000;1.0823700;1.0969100;1.0809000;1.0932500;1.520.732
EURUSD;D;20150722;000000;1.0934200;1.0966700;1.0868000;1.0928200;1.446.154
EURUSD;D;20150723;000000;1.0926300;1.1017900;1.0919000;1.0983300;1.541.165
EURUSD;D;20150724;000000;1.0981400;1.0995800;1.0922000;1.0979600;1.308.974
EURUSD;D;20150725;000000;1.0983800;1.0983800;1.0980000;1.0980000;11
EURUSD;D;20150726;000000;1.0970000;1.0989000;1.0970000;1.0980000;3.593
EURUSD;D;20150727;000000;1.0980800;1.1129400;1.0966000;1.1086800;1.428.791
EURUSD;D;20150728;000000;1.1086700;1.1099600;1.1019000;1.1059400;1.428.072
EURUSD;D;20150729;000000;1.1058900;1.1084000;1.0964000;1.0981200;1.592.575
EURUSD;D;20150730;000000;1.0980400;1.0989400;1.0892000;1.0930000;1.581.448
EURUSD;D;20150731;000000;1.0930200;1.1114100;1.0918000;1.0982700;1.740.528
EURUSD;D;20150801;000000;1.0982700;1.0986000;1.0979900;1.0980400;109
EURUSD;D;20150802;000000;1.0965000;1.0984400;1.0964000;1.0972100;847
EURUSD;D;20150803;000000;1.0972000;1.0995900;1.0939000;1.0949800;1.404.934
EURUSD;D;20150804;000000;1.0948400;1.0990000;1.0877000;1.0880600;1.576.854
EURUSD;D;20150805;000000;1.0879500;1.0934000;1.0846000;1.0905500;1.601.234
EURUSD;D;20150806;000000;1.0903800;1.0935600;1.0872000;1.0922800;1.438.786
EURUSD;D;20150807;000000;1.0923100;1.0978400;1.0854000;1.0964700;1.507.354
EURUSD;D;20150808;000000;1.0964300;1.0965200;1.0961700;1.0961700;41
EURUSD;D;20150809;000000;1.0966000;1.0973000;1.0960500;1.0963000;1.535
EURUSD;D;20150810;000000;1.0959600;1.1041400;1.0923000;1.1017900;1.343.712
EURUSD;D;20150811;000000;1.1017600;1.1088300;1.0958000;1.1040500;1.783.558
EURUSD;D;20150812;000000;1.1040700;1.1214000;1.1023100;1.1156100;1.803.888
EURUSD;D;20150813;000000;1.1155100;1.1189000;1.1079000;1.1148300;1.571.500
EURUSD;D;20150814;000000;1.1148300;1.1190000;1.1096000;1.1107000;1.427.058
EURUSD;D;20150815;000000;1.1107900;1.1112000;1.1104000;1.1104000;181
EURUSD;D;20150816;000000;1.1112900;1.1119900;1.1106900;1.1119400;1.243
EURUSD;D;20150817;000000;1.1111900;1.1124900;1.1057900;1.1075500;1.366.874
EURUSD;D;20150818;000000;1.1076600;1.1093800;1.1015000;1.1020800;1.363.918
EURUSD;D;20150819;000000;1.1022600;1.1134200;1.1015000;1.1119600;1.706.513
EURUSD;D;20150820;000000;1.1118600;1.1244700;1.1104000;1.1240900;1.701.436
EURUSD;D;20150821;000000;1.1238900;1.1388700;1.1226000;1.1383300;1.957.916
EURUSD;D;20150822;000000;1.1384900;1.1393000;1.1377600;1.1383600;382
EURUSD;D;20150823;000000;1.1375000;1.1382800;1.1368000;1.1374400;411
EURUSD;D;20150824;000000;1.1376000;1.1714000;1.1367000;1.1615500;2.835.925
EURUSD;D;20150825;000000;1.1617100;1.1621800;1.1394000;1.1514200;2.598.933
EURUSD;D;20150826;000000;1.1514200;1.1561200;1.1290000;1.1311300;2.512.826
EURUSD;D;20150827;000000;1.1311700;1.1364300;1.1201000;1.1243000;2.018.726
EURUSD;D;20150828;000000;1.1245200;1.1310000;1.1154100;1.1184900;1.733.668
EURUSD;D;20150829;000000;1.1184900;1.1184900;1.1177000;1.1179800;53
EURUSD;D;20150830;000000;1.1171000;1.1184000;1.1158000;1.1172000;3.696
EURUSD;D;20150831;000000;1.1170900;1.1262600;1.1168100;1.1208600;1.414.675
EURUSD;D;20150901;000000;1.1209500;1.1332200;1.1205000;1.1312900;2.042.342
EURUSD;D;20150902;000000;1.1312500;1.1319300;1.1215000;1.1224600;1.663.308
EURUSD;D;20150903;000000;1.1225600;1.1243400;1.1085000;1.1122800;1.720.412
EURUSD;D;20150904;000000;1.1121300;1.1189700;1.1088000;1.1142700;1.712.580
EURUSD;D;20150905;000000;1.1151000;1.1151000;1.1148200;1.1149000;22
EURUSD;D;20150906;000000;1.1159600;1.1165000;1.1151900;1.1158800;4.073
EURUSD;D;20150907;000000;1.1162000;1.1180000;1.1120000;1.1169000;1.227.331
EURUSD;D;20150908;000000;1.1169300;1.1229600;1.1150000;1.1200800;1.566.009
EURUSD;D;20150909;000000;1.1199700;1.1217500;1.1129000;1.1205900;1.604.509
EURUSD;D;20150910;000000;1.1206100;1.1295400;1.1169000;1.1278300;1.700.609
EURUSD;D;20150911;000000;1.1279000;1.1349500;1.1251000;1.1334800;1.565.754
EURUSD;D;20150912;000000;1.1337000;1.1339000;1.1337000;1.1339000;11
EURUSD;D;20150913;000000;1.1331000;1.1332200;1.1327200;1.1329700;1.837
EURUSD;D;20150914;000000;1.1329600;1.1373100;1.1282000;1.1315300;1.337.633
EURUSD;D;20150915;000000;1.1315300;1.1328700;1.1256000;1.1268100;1.549.976
EURUSD;D;20150916;000000;1.1267300;1.1320600;1.1211000;1.1289400;1.517.612
EURUSD;D;20150917;000000;1.1290000;1.1441300;1.1282000;1.1433600;1.805.235
EURUSD;D;20150918;000000;1.1432700;1.1460300;1.1268000;1.1299100;1.925.564
EURUSD;D;20150919;000000;1.1296900;1.1310000;1.1296900;1.1308000;186
EURUSD;D;20150920;000000;1.1280000;1.1289000;1.1262000;1.1280400;3.716
EURUSD;D;20150921;000000;1.1280900;1.1330100;1.1179000;1.1188000;1.547.900
EURUSD;D;20150922;000000;1.1189000;1.1207700;1.1111000;1.1119100;1.621.729
EURUSD;D;20150923;000000;1.1119100;1.1213500;1.1102000;1.1184900;1.713.382
EURUSD;D;20150924;000000;1.1185500;1.1296000;1.1162600;1.1228500;1.893.854
EURUSD;D;20150925;000000;1.1227700;1.1233700;1.1114000;1.1192300;1.826.654
EURUSD;D;20150926;000000;1.1193000;1.1198100;1.1184000;1.1192000;105
EURUSD;D;20150927;000000;1.1184000;1.1186500;1.1172700;1.1185200;3.682
EURUSD;D;20150928;000000;1.1183500;1.1247700;1.1145000;1.1243800;1.614.717
EURUSD;D;20150929;000000;1.1243100;1.1281400;1.1192000;1.1247300;1.775.399
EURUSD;D;20150930;000000;1.1246700;1.1262400;1.1156000;1.1174800;1.580.026
EURUSD;D;20151001;000000;1.1174400;1.1210000;1.1132000;1.1192600;1.545.411
EURUSD;D;20151002;000000;1.1193400;1.1318400;1.1148000;1.1209800;1.829.261
EURUSD;D;20151003;000000;1.1209000;1.1217700;1.1206000;1.1207000;68
EURUSD;D;20151004;000000;1.1214800;1.1226200;1.1213300;1.1217100;2.701
EURUSD;D;20151005;000000;1.1219500;1.1290000;1.1170000;1.1186100;1.709.465
EURUSD;D;20151006;000000;1.1186100;1.1279600;1.1170700;1.1269600;1.552.395
EURUSD;D;20151007;000000;1.1269800;1.1284300;1.1209000;1.1236100;1.377.022
EURUSD;D;20151008;000000;1.1236400;1.1327600;1.1232400;1.1274600;1.325.775
EURUSD;D;20151009;000000;1.1274400;1.1387200;1.1265000;1.1355400;1.355.943
EURUSD;D;20151010;000000;1.1357100;1.1357200;1.1350000;1.1355000;148
EURUSD;D;20151011;000000;1.1355700;1.1364000;1.1350000;1.1360500;417
EURUSD;D;20151012;000000;1.1361000;1.1400000;1.1351800;1.1357500;1.067.484
EURUSD;D;20151013;000000;1.1357900;1.1411100;1.1342900;1.1378300;1.471.842
EURUSD;D;20151014;000000;1.1378600;1.1489100;1.1374100;1.1472700;1.634.415
EURUSD;D;20151015;000000;1.1472000;1.1495200;1.1360000;1.1379200;1.731.332
EURUSD;D;20151016;000000;1.1386800;1.1396000;1.1333000;1.1347200;1.476.981
EURUSD;D;20151017;000000;1.1345500;1.1347300;1.1345500;1.1347300;9
EURUSD;D;20151018;000000;1.1350300;1.1360000;1.1345000;1.1357000;871
EURUSD;D;20151019;000000;1.1357900;1.1380000;1.1304000;1.1325300;1.198.082
EURUSD;D;20151020;000000;1.1325600;1.1387100;1.1321000;1.1344300;1.170.788
EURUSD;D;20151021;000000;1.1344400;1.1377600;1.1333000;1.1335900;1.183.406
EURUSD;D;20151022;000000;1.1337300;1.1351200;1.1098200;1.1108200;1.683.566
EURUSD;D;20151023;000000;1.1107000;1.1140000;1.0995700;1.1014300;1.765.024
EURUSD;D;20151024;000000;1.1017400;1.1019000;1.1010000;1.1015000;249
EURUSD;D;20151025;000000;1.1010000;1.1010200;1.0987000;1.1000200;5.330
EURUSD;D;20151026;000000;1.1000100;1.1068200;1.0998600;1.1056600;1.513.109
EURUSD;D;20151027;000000;1.1056000;1.1078600;1.1027000;1.1048500;1.528.644
EURUSD;D;20151028;000000;1.1050000;1.1096000;1.0895900;1.0921300;1.812.554
EURUSD;D;20151029;000000;1.0922100;1.0985700;1.0901600;1.0976400;1.833.257
EURUSD;D;20151030;000000;1.0976200;1.1072500;1.0963500;1.1003300;2.003.017
EURUSD;D;20151031;000000;1.1002900;1.1011000;1.1002900;1.1011000;50
EURUSD;D;20151101;000000;1.1013000;1.1042800;1.1011000;1.1040000;7.567
EURUSD;D;20151102;000000;1.1038000;1.1053000;1.0998000;1.1016100;1.377.288
EURUSD;D;20151103;000000;1.1017000;1.1030100;1.0934000;1.0962600;1.490.785
EURUSD;D;20151104;000000;1.0962600;1.0968800;1.0842000;1.0859900;1.728.623
EURUSD;D;20151105;000000;1.0860100;1.0897700;1.0831600;1.0876000;1.542.607
EURUSD;D;20151106;000000;1.0876300;1.0888300;1.0706000;1.0742800;1.564.129
EURUSD;D;20151107;000000;1.0743600;1.0745700;1.0735000;1.0735600;25.350
EURUSD;D;20151108;000000;1.0735000;1.0738000;1.0720900;1.0723800;6.713
EURUSD;D;20151109;000000;1.0723700;1.0790000;1.0718000;1.0755200;1.488.748
EURUSD;D;20151110;000000;1.0755900;1.0764100;1.0671000;1.0714100;1.555.283
EURUSD;D;20151111;000000;1.0714200;1.0773700;1.0703000;1.0742400;1.453.789
EURUSD;D;20151112;000000;1.0742100;1.0830300;1.0689000;1.0808500;1.862.044
EURUSD;D;20151113;000000;1.0809400;1.0823400;1.0711000;1.0750200;1.756.596
EURUSD;D;20151114;000000;1.0750400;1.0774600;1.0745800;1.0768700;45.064
EURUSD;D;20151115;000000;1.0730000;1.0776000;1.0724100;1.0725000;6.148
EURUSD;D;20151116;000000;1.0728000;1.0758100;1.0673000;1.0684000;1.307.458
EURUSD;D;20151117;000000;1.0684700;1.0692000;1.0628000;1.0646400;1.581.887
EURUSD;D;20151118;000000;1.0646200;1.0692600;1.0615000;1.0651700;1.531.862
EURUSD;D;20151119;000000;1.0651700;1.0763000;1.0649000;1.0732900;1.868.256
EURUSD;D;20151120;000000;1.0733000;1.0741000;1.0638000;1.0645200;1.739.870
EURUSD;D;20151121;000000;1.0645100;1.0650100;1.0638000;1.0641900;35.022
EURUSD;D;20151122;000000;1.0641200;1.0646000;1.0634000;1.0637000;517
EURUSD;D;20151123;000000;1.0636000;1.0656700;1.0591700;1.0626900;1.648.472
EURUSD;D;20151124;000000;1.0626700;1.0673400;1.0618700;1.0645000;1.755.383
EURUSD;D;20151125;000000;1.0645000;1.0690000;1.0565000;1.0617000;1.909.816
EURUSD;D;20151126;000000;1.0616300;1.0631000;1.0597000;1.0606200;1.246.597
EURUSD;D;20151127;000000;1.0606500;1.0638000;1.0566000;1.0593400;1.407.277
EURUSD;D;20151128;000000;1.0593100;1.0597000;1.0587400;1.0587400;25.540
EURUSD;D;20151129;000000;1.0589000;1.0596400;1.0583000;1.0587700;7.061
EURUSD;D;20151130;000000;1.0587600;1.0595000;1.0555000;1.0566200;1.464.386
EURUSD;D;20151201;000000;1.0566200;1.0637100;1.0560200;1.0631800;1.592.174
EURUSD;D;20151202;000000;1.0631100;1.0637000;1.0549900;1.0614500;1.769.572
EURUSD;D;20151203;000000;1.0614600;1.0981100;1.0520000;1.0948900;2.343.016
EURUSD;D;20151204;000000;1.0950000;1.0959000;1.0835000;1.0873600;2.366.075
EURUSD;D;20151205;000000;1.0873800;1.0885600;1.0868900;1.0881800;33.518
EURUSD;D;20151206;000000;1.0859000;1.0877200;1.0859000;1.0865500;936
EURUSD;D;20151207;000000;1.0865800;1.0887000;1.0793000;1.0846200;1.571.429
EURUSD;D;20151208;000000;1.0846100;1.0902700;1.0828000;1.0894200;1.824.916
EURUSD;D;20151209;000000;1.0894300;1.1042800;1.0878200;1.1018100;2.094.601
EURUSD;D;20151210;000000;1.1018600;1.1030000;1.0923000;1.0946000;1.870.957
EURUSD;D;20151211;000000;1.0945900;1.1030800;1.0924600;1.0988000;2.024.276
EURUSD;D;20151212;000000;1.0989100;1.0996800;1.0978600;1.0986500;47.179
EURUSD;D;20151213;000000;1.0978400;1.0985000;1.0974000;1.0974800;4.096
EURUSD;D;20151214;000000;1.0974700;1.1050000;1.0943900;1.0985600;2.015.879
EURUSD;D;20151215;000000;1.0985600;1.1060000;1.0902000;1.0920600;1.950.620
EURUSD;D;20151216;000000;1.0920300;1.1011700;1.0887000;1.0917100;2.178.923
EURUSD;D;20151217;000000;1.0917500;1.0918300;1.0800000;1.0817600;1.890.999
EURUSD;D;20151218;000000;1.0818000;1.0874400;1.0802000;1.0872700;1.898.677
EURUSD;D;20151219;000000;1.0872800;1.0873300;1.0861800;1.0862900;37.948
EURUSD;D;20151220;000000;1.0863500;1.0869000;1.0860600;1.0863000;1.425
EURUSD;D;20151221;000000;1.0864800;1.0939200;1.0846000;1.0919900;1.553.820
EURUSD;D;20151222;000000;1.0920300;1.0984200;1.0900000;1.0950100;1.544.722
EURUSD;D;20151223;000000;1.0950800;1.0957200;1.0867000;1.0922800;1.360.582
EURUSD;D;20151224;000000;1.0922300;1.0971000;1.0901700;1.0963300;939.458
EURUSD;D;20151225;000000;1.0963200;1.0975000;1.0939000;1.0973000;40.474
EURUSD;D;20151226;000000;1.0975000;1.0975000;1.0973000;1.0973000;1.281
EURUSD;D;20151227;000000;1.0952000;1.0952000;1.0948000;1.0948000;41
EURUSD;D;20151228;000000;1.0952000;1.0992500;1.0950900;1.0973000;1.006.503
EURUSD;D;20151229;000000;1.0973300;1.0991800;1.0898000;1.0933900;1.186.175
EURUSD;D;20151230;000000;1.0934200;1.0943700;1.0899000;1.0930500;1.229.430
EURUSD;D;20151231;000000;1.0930700;1.0937200;1.0850000;1.0865500;1.074.895
EURUSD;D;20160101;000000;1.0865500;1.0869500;1.0848000;1.0858400;34.724
EURUSD;D;20160102;000000;1.0863000;1.0863600;1.0858400;1.0858400;108
EURUSD;D;20160103;000000;1.0850000;1.0861700;1.0849100;1.0853800;2.238
EURUSD;D;20160104;000000;1.0855100;1.0946300;1.0779000;1.0828500;1.868.632
EURUSD;D;20160105;000000;1.0828700;1.0838800;1.0708000;1.0750400;1.693.222
EURUSD;D;20160106;000000;1.0750100;1.0799400;1.0713600;1.0787000;1.876.213
EURUSD;D;20160107;000000;1.0787000;1.0940100;1.0770000;1.0934300;2.165.088
EURUSD;D;20160108;000000;1.0934600;1.0940000;1.0801300;1.0918000;2.160.739
EURUSD;D;20160109;000000;1.0919300;1.0930300;1.0914700;1.0919300;41.168
EURUSD;D;20160110;000000;1.0919500;1.0919500;1.0912000;1.0915000;1.687
EURUSD;D;20160111;000000;1.0917000;1.0969800;1.0846900;1.0852100;1.941.372
EURUSD;D;20160112;000000;1.0851700;1.0900200;1.0818000;1.0853700;2.054.182
EURUSD;D;20160113;000000;1.0853900;1.0883600;1.0802000;1.0882500;2.070.597
EURUSD;D;20160114;000000;1.0882600;1.0943200;1.0833100;1.0864600;2.264.097
EURUSD;D;20160115;000000;1.0864400;1.0984600;1.0852500;1.0917400;2.350.331
EURUSD;D;20160116;000000;1.0917200;1.0920000;1.0903700;1.0915800;36.904
EURUSD;D;20160117;000000;1.0910000;1.0937900;1.0909000;1.0927700;4.051
EURUSD;D;20160118;000000;1.0927600;1.0937100;1.0868000;1.0898100;1.475.044
EURUSD;D;20160119;000000;1.0898500;1.0938900;1.0857000;1.0909900;1.893.361
EURUSD;D;20160120;000000;1.0910200;1.0976000;1.0874800;1.0891100;2.276.026
EURUSD;D;20160121;000000;1.0891200;1.0921600;1.0777000;1.0887700;2.499.375
EURUSD;D;20160122;000000;1.0887900;1.0889100;1.0787500;1.0795900;2.069.026
EURUSD;D;20160123;000000;1.0796800;1.0801600;1.0791500;1.0793400;35.604
EURUSD;D;20160124;000000;1.0797800;1.0799600;1.0788300;1.0790900;593
EURUSD;D;20160125;000000;1.0791700;1.0856600;1.0786400;1.0854000;1.694.772
EURUSD;D;20160126;000000;1.0854100;1.0874400;1.0816000;1.0858900;1.735.616
EURUSD;D;20160127;000000;1.0858800;1.0916500;1.0848500;1.0891600;2.003.296
EURUSD;D;20160128;000000;1.0892200;1.0967700;1.0862000;1.0940900;1.922.340
EURUSD;D;20160129;000000;1.0940900;1.0948500;1.0808000;1.0833300;2.331.773
EURUSD;D;20160130;000000;1.0833200;1.0836700;1.0827500;1.0829000;31.392
EURUSD;D;20160131;000000;1.0833000;1.0842000;1.0819100;1.0828000;4.917
EURUSD;D;20160201;000000;1.0833400;1.0912800;1.0812400;1.0893800;1.629.665
EURUSD;D;20160202;000000;1.0894300;1.0940000;1.0882600;1.0913100;1.741.128
EURUSD;D;20160203;000000;1.0913800;1.1145500;1.0902000;1.1108800;2.295.649
EURUSD;D;20160204;000000;1.1109000;1.1240000;1.1068000;1.1204700;2.549.812
EURUSD;D;20160205;000000;1.1205700;1.1246400;1.1107000;1.1152300;2.089.759
EURUSD;D;20160206;000000;1.1152600;1.1166000;1.1146100;1.1152100;45.107
EURUSD;D;20160207;000000;1.1151300;1.1152300;1.1144300;1.1144300;60
EURUSD;D;20160208;000000;1.1143000;1.1215900;1.1084000;1.1189400;2.141.393
EURUSD;D;20160209;000000;1.1190200;1.1338000;1.1161000;1.1293000;2.827.593
EURUSD;D;20160210;000000;1.1294000;1.1311500;1.1159700;1.1293400;2.742.439
EURUSD;D;20160211;000000;1.1293100;1.1376400;1.1272000;1.1325900;3.141.506
EURUSD;D;20160212;000000;1.1325800;1.1334000;1.1213000;1.1253900;2.546.859
EURUSD;D;20160213;000000;1.1253800;1.1259200;1.1244600;1.1254000;40.858
EURUSD;D;20160214;000000;1.1248400;1.1248400;1.1226800;1.1236700;52
EURUSD;D;20160215;000000;1.1237000;1.1249900;1.1126000;1.1152500;1.912.523
EURUSD;D;20160216;000000;1.1152500;1.1192900;1.1122200;1.1141000;2.301.773
EURUSD;D;20160217;000000;1.1141900;1.1180000;1.1104100;1.1129600;2.335.343
EURUSD;D;20160218;000000;1.1129900;1.1150000;1.1070000;1.1097500;2.271.581
EURUSD;D;20160219;000000;1.1097500;1.1140000;1.1064000;1.1128900;2.174.816
EURUSD;D;20160220;000000;1.1129500;1.1133200;1.1124500;1.1126400;46.210
EURUSD;D;20160221;000000;1.1128900;1.1131700;1.1113000;1.1118400;3.041
EURUSD;D;20160222;000000;1.1118300;1.1124700;1.1002000;1.1024000;1.949.552
EURUSD;D;20160223;000000;1.1024800;1.1052700;1.0988000;1.1017700;2.205.845
EURUSD;D;20160224;000000;1.1017700;1.1046300;1.0956000;1.1006600;1.898.915
EURUSD;D;20160225;000000;1.1007200;1.1050000;1.0985800;1.1024600;2.193.687
EURUSD;D;20160226;000000;1.1024400;1.1068300;1.0911000;1.0939600;2.122.833
EURUSD;D;20160227;000000;1.0939200;1.0940300;1.0924100;1.0931000;36.861
EURUSD;D;20160228;000000;1.0922000;1.0928000;1.0916200;1.0919700;2.298
EURUSD;D;20160229;000000;1.0919600;1.0962600;1.0857000;1.0878500;2.025.977
EURUSD;D;20160301;000000;1.0878900;1.0893500;1.0832200;1.0866900;2.157.900
EURUSD;D;20160302;000000;1.0867700;1.0881100;1.0823600;1.0865900;2.003.902
EURUSD;D;20160303;000000;1.0865700;1.0972700;1.0851300;1.0960700;1.808.921
EURUSD;D;20160304;000000;1.0960300;1.1043400;1.0902000;1.1001300;2.141.419
EURUSD;D;20160305;000000;1.1001600;1.1012400;1.0998300;1.1004000;43.506
EURUSD;D;20160306;000000;1.0998900;1.1000000;1.0989900;1.0989900;205
EURUSD;D;20160307;000000;1.0990000;1.1025800;1.0937000;1.1011900;1.530.052
EURUSD;D;20160308;000000;1.1012000;1.1057700;1.0991600;1.1004600;1.926.011
EURUSD;D;20160309;000000;1.1005300;1.1035000;1.0944000;1.1003500;1.806.698
EURUSD;D;20160310;000000;1.1003000;1.1218200;1.0821000;1.1177900;2.386.785
EURUSD;D;20160311;000000;1.1177900;1.1209800;1.1078000;1.1150400;2.307.577
EURUSD;D;20160312;000000;1.1150500;1.1155100;1.1144000;1.1152200;36.408
EURUSD;D;20160313;000000;1.1145400;1.1145400;1.1129400;1.1135300;2.612
EURUSD;D;20160314;000000;1.1136500;1.1176300;1.1076800;1.1101000;1.751.548
EURUSD;D;20160315;000000;1.1101800;1.1125000;1.1071000;1.1108700;1.822.540
EURUSD;D;20160316;000000;1.1108700;1.1242400;1.1055000;1.1222700;1.962.886
EURUSD;D;20160317;000000;1.1224000;1.1342500;1.1203900;1.1317200;2.290.128
EURUSD;D;20160318;000000;1.1317800;1.1337200;1.1254000;1.1268400;1.879.593
EURUSD;D;20160319;000000;1.1269000;1.1272000;1.1269000;1.1269000;33
EURUSD;D;20160320;000000;1.1262900;1.1266400;1.1251600;1.1256000;3.921
EURUSD;D;20160321;000000;1.1260600;1.1285400;1.1232000;1.1240100;1.472.375
EURUSD;D;20160322;000000;1.1240300;1.1261800;1.1186000;1.1216800;1.829.246
EURUSD;D;20160323;000000;1.1215400;1.1223500;1.1157000;1.1179700;1.613.055
EURUSD;D;20160324;000000;1.1181000;1.1190000;1.1142700;1.1173400;1.550.876
EURUSD;D;20160325;000000;1.1173400;1.1182000;1.1151500;1.1163900;663.412
EURUSD;D;20160326;000000;1.1161700;1.1163600;1.1161700;1.1163600;13
EURUSD;D;20160327;000000;1.1160000;1.1166200;1.1159200;1.1159600;1.701
EURUSD;D;20160328;000000;1.1165400;1.1219900;1.1152000;1.1196000;814.592
EURUSD;D;20160329;000000;1.1194500;1.1303300;1.1167700;1.1290200;1.812.811
EURUSD;D;20160330;000000;1.1289000;1.1365400;1.1281800;1.1336800;1.928.711
EURUSD;D;20160331;000000;1.1337100;1.1411900;1.1308000;1.1378100;1.899.897
EURUSD;D;20160401;000000;1.1377400;1.1437900;1.1334100;1.1393300;1.756.131
EURUSD;D;20160402;000000;1.1394300;1.1396300;1.1394000;1.1394000;21
EURUSD;D;20160403;000000;1.1385200;1.1400100;1.1383000;1.1397500;4.209
EURUSD;D;20160404;000000;1.1392300;1.1412700;1.1355000;1.1389000;1.377.046
EURUSD;D;20160405;000000;1.1389800;1.1405100;1.1334000;1.1383000;1.583.292
EURUSD;D;20160406;000000;1.1383000;1.1431700;1.1325800;1.1397700;1.641.595
EURUSD;D;20160407;000000;1.1398400;1.1454000;1.1335600;1.1375300;1.736.163
EURUSD;D;20160408;000000;1.1377100;1.1420000;1.1347800;1.1394800;1.460.481
EURUSD;D;20160409;000000;1.1400000;1.1400000;1.1388600;1.1395000;265
EURUSD;D;20160410;000000;1.1405200;1.1418600;1.1401800;1.1413600;3.715
EURUSD;D;20160411;000000;1.1413500;1.1447300;1.1370500;1.1405600;1.352.450
EURUSD;D;20160412;000000;1.1405600;1.1464800;1.1345200;1.1384000;1.574.671
EURUSD;D;20160413;000000;1.1384100;1.1391200;1.1267000;1.1273300;1.614.770
EURUSD;D;20160414;000000;1.1273000;1.1294800;1.1231000;1.1264900;1.501.609
EURUSD;D;20160415;000000;1.1264900;1.1317000;1.1243000;1.1281000;1.271.699
EURUSD;D;20160416;000000;1.1281000;1.1284400;1.1281000;1.1282400;25
EURUSD;D;20160417;000000;1.1315000;1.1315000;1.1291400;1.1300700;1.200
EURUSD;D;20160418;000000;1.1300300;1.1332500;1.1272800;1.1311000;922.362
EURUSD;D;20160419;000000;1.1310300;1.1384700;1.1301500;1.1358100;1.202.892
EURUSD;D;20160420;000000;1.1357600;1.1388000;1.1288000;1.1295300;1.327.412
EURUSD;D;20160421;000000;1.1295400;1.1398000;1.1269000;1.1287000;1.495.166
EURUSD;D;20160422;000000;1.1286400;1.1308600;1.1216900;1.1220900;1.428.040
EURUSD;D;20160423;000000;1.1224200;1.1224200;1.1215300;1.1215300;87
EURUSD;D;20160424;000000;1.1222300;1.1227000;1.1213000;1.1214000;4.259
EURUSD;D;20160425;000000;1.1217200;1.1280000;1.1215200;1.1266800;1.284.141
EURUSD;D;20160426;000000;1.1266100;1.1340000;1.1254000;1.1295200;1.411.629
EURUSD;D;20160427;000000;1.1295300;1.1361200;1.1270900;1.1319800;1.451.358
EURUSD;D;20160428;000000;1.1319700;1.1370000;1.1294000;1.1350600;1.686.561
EURUSD;D;20160429;000000;1.1351500;1.1460000;1.1345900;1.1447900;1.646.078
EURUSD;D;20160430;000000;1.1448000;1.1452300;1.1447000;1.1448500;66
EURUSD;D;20160501;000000;1.1448500;1.1462000;1.1446100;1.1456800;4.525
EURUSD;D;20160502;000000;1.1456700;1.1536200;1.1446000;1.1531100;1.296.884
EURUSD;D;20160503;000000;1.1534100;1.1616300;1.1493000;1.1495600;1.587.701
EURUSD;D;20160504;000000;1.1495900;1.1529500;1.1465600;1.1484800;1.635.331
EURUSD;D;20160505;000000;1.1485700;1.1494000;1.1384000;1.1403700;1.367.183
EURUSD;D;20160506;000000;1.1404600;1.1480700;1.1384500;1.1403700;1.426.020
EURUSD;D;20160507;000000;1.1403800;1.1404000;1.1399100;1.1399100;60
EURUSD;D;20160508;000000;1.1398000;1.1403000;1.1388600;1.1393000;3.120
EURUSD;D;20160509;000000;1.1400800;1.1420200;1.1373400;1.1382000;1.219.445
EURUSD;D;20160510;000000;1.1381400;1.1409900;1.1357000;1.1371000;1.311.132
EURUSD;D;20160511;000000;1.1370000;1.1446700;1.1366900;1.1425800;1.248.660
EURUSD;D;20160512;000000;1.1425200;1.1430000;1.1368000;1.1374000;1.277.139
EURUSD;D;20160513;000000;1.1374600;1.1379800;1.1281000;1.1309700;1.425.563
EURUSD;D;20160514;000000;1.1308000;1.1308800;1.1305000;1.1305000;54
EURUSD;D;20160515;000000;1.1306000;1.1312000;1.1299000;1.1309000;3.517
EURUSD;D;20160516;000000;1.1310400;1.1342400;1.1299800;1.1319100;1.068.815
EURUSD;D;20160517;000000;1.1319000;1.1348700;1.1301000;1.1311800;1.245.348
EURUSD;D;20160518;000000;1.1311000;1.1321000;1.1212000;1.1214900;1.423.633
EURUSD;D;20160519;000000;1.1214700;1.1230000;1.1177000;1.1202300;1.407.593
EURUSD;D;20160520;000000;1.1201800;1.1240000;1.1194300;1.1221900;1.123.187
EURUSD;D;20160521;000000;1.1222000;1.1222000;1.1219100;1.1219100;31
EURUSD;D;20160522;000000;1.1218000;1.1218900;1.1203400;1.1205700;2.561
EURUSD;D;20160523;000000;1.1205600;1.1242900;1.1185000;1.1218500;1.041.530
EURUSD;D;20160524;000000;1.1219300;1.1227100;1.1131000;1.1140100;1.209.705
EURUSD;D;20160525;000000;1.1139000;1.1166900;1.1127900;1.1155000;1.225.231
EURUSD;D;20160526;000000;1.1153900;1.1216800;1.1147600;1.1193300;1.276.934
EURUSD;D;20160527;000000;1.1192800;1.1200800;1.1109000;1.1113300;1.255.791
EURUSD;D;20160528;000000;1.1113000;1.1113000;1.1108700;1.1108700;55
EURUSD;D;20160530;000000;1.1104200;1.1145000;1.1095900;1.1136700;794.850
EURUSD;D;20160531;000000;1.1137600;1.1173400;1.1120000;1.1131100;1.392.604
EURUSD;D;20160601;000000;1.1131300;1.1194100;1.1111000;1.1187000;1.432.569
EURUSD;D;20160602;000000;1.1186600;1.1220100;1.1144000;1.1149700;1.388.432
EURUSD;D;20160603;000000;1.1150200;1.1373600;1.1134000;1.1366200;1.486.677
EURUSD;D;20160604;000000;1.1365600;1.1371000;1.1362700;1.1362700;228
EURUSD;D;20160605;000000;1.1351000;1.1358000;1.1335600;1.1353500;3.584
EURUSD;D;20160606;000000;1.1354600;1.1392800;1.1325300;1.1353400;1.448.733
EURUSD;D;20160607;000000;1.1353400;1.1380500;1.1336000;1.1354800;1.291.156
EURUSD;D;20160608;000000;1.1357800;1.1410700;1.1348000;1.1393300;1.299.775
EURUSD;D;20160609;000000;1.1393800;1.1415500;1.1304000;1.1314300;1.393.244
EURUSD;D;20160610;000000;1.1314400;1.1321400;1.1243800;1.1249800;1.424.910
EURUSD;D;20160611;000000;1.1250000;1.1250400;1.1246600;1.1248400;131
EURUSD;D;20160612;000000;1.1250000;1.1260000;1.1242300;1.1247800;3.803
EURUSD;D;20160613;000000;1.1251600;1.1302900;1.1230000;1.1290400;1.436.037
EURUSD;D;20160614;000000;1.1290000;1.1298800;1.1187200;1.1207200;1.407.539
EURUSD;D;20160615;000000;1.1205000;1.1298600;1.1188000;1.1258800;1.343.804
EURUSD;D;20160616;000000;1.1259700;1.1294900;1.1128900;1.1224000;1.719.754
EURUSD;D;20160617;000000;1.1224600;1.1296300;1.1219000;1.1276100;1.394.548
EURUSD;D;20160618;000000;1.1275000;1.1281000;1.1273100;1.1279000;64
EURUSD;D;20160619;000000;1.1281000;1.1338000;1.1279000;1.1329000;3.114
EURUSD;D;20160620;000000;1.1331700;1.1382500;1.1300000;1.1313500;1.397.839
EURUSD;D;20160621;000000;1.1312500;1.1350000;1.1239500;1.1242600;1.312.832
EURUSD;D;20160622;000000;1.1242400;1.1337700;1.1235000;1.1295800;1.296.059
EURUSD;D;20160623;000000;1.1294800;1.1421300;1.1293900;1.1384000;1.523.695
EURUSD;D;20160624;000000;1.1384800;1.1428000;1.0910800;1.1111800;2.719.828
EURUSD;D;20160625;000000;1.1115900;1.1116800;1.1114800;1.1114800;28
EURUSD;D;20160626;000000;1.1056600;1.1056600;1.0997600;1.1002100;3.134
EURUSD;D;20160627;000000;1.1011900;1.1083600;1.0969900;1.1023800;1.860.549
EURUSD;D;20160628;000000;1.1022800;1.1111600;1.1007800;1.1063500;1.525.397
EURUSD;D;20160629;000000;1.1063500;1.1130800;1.1047000;1.1122300;1.557.826
EURUSD;D;20160630;000000;1.1123100;1.1154600;1.1023100;1.1106400;1.707.926
EURUSD;D;20160701;000000;1.1107000;1.1169900;1.1070000;1.1136500;1.375.070
EURUSD;D;20160702;000000;1.1133300;1.1135000;1.1133300;1.1135000;11
EURUSD;D;20160703;000000;1.1140000;1.1140000;1.1113200;1.1129000;647
EURUSD;D;20160704;000000;1.1129800;1.1163000;1.1096000;1.1153300;869.602
EURUSD;D;20160705;000000;1.1152600;1.1186500;1.1060400;1.1074600;1.253.173
EURUSD;D;20160706;000000;1.1075700;1.1111600;1.1028300;1.1099900;1.577.446
EURUSD;D;20160707;000000;1.1101200;1.1107200;1.1050000;1.1061100;1.371.778
EURUSD;D;20160708;000000;1.1061200;1.1120500;1.1000800;1.1049300;1.281.517
EURUSD;D;20160709;000000;1.1051500;1.1052600;1.1049000;1.1049000;16
EURUSD;D;20160710;000000;1.1047000;1.1050400;1.1043000;1.1047000;1.029
EURUSD;D;20160711;000000;1.1049900;1.1074600;1.1014000;1.1057400;1.272.086
EURUSD;D;20160712;000000;1.1057600;1.1126300;1.1050000;1.1059700;1.427.316
EURUSD;D;20160713;000000;1.1059900;1.1120000;1.1040000;1.1088900;1.620.343
EURUSD;D;20160714;000000;1.1088600;1.1164800;1.1084000;1.1118300;1.719.083
EURUSD;D;20160715;000000;1.1118600;1.1150000;1.1023000;1.1029100;1.653.769
EURUSD;D;20160716;000000;1.1027400;1.1029000;1.1026100;1.1026100;53
EURUSD;D;20160717;000000;1.1040000;1.1073000;1.1039000;1.1047100;3.031
EURUSD;D;20160718;000000;1.1049300;1.1084300;1.1035000;1.1075200;1.242.690
EURUSD;D;20160719;000000;1.1075200;1.1080500;1.0998000;1.1019700;1.358.152
EURUSD;D;20160720;000000;1.1019300;1.1030200;1.0980000;1.1013200;1.378.552
EURUSD;D;20160721;000000;1.1013300;1.1060500;1.0978700;1.1024600;1.578.536
EURUSD;D;20160722;000000;1.1024100;1.1041000;1.0953000;1.0973300;1.415.201
EURUSD;D;20160723;000000;1.0975000;1.0976000;1.0974000;1.0975000;11
EURUSD;D;20160724;000000;1.0972000;1.0986900;1.0971000;1.0973000;1.270
EURUSD;D;20160725;000000;1.0971000;1.0999100;1.0950000;1.0992900;1.212.632
EURUSD;D;20160726;000000;1.0994700;1.1029800;1.0976000;1.0986200;1.309.326
EURUSD;D;20160727;000000;1.0986100;1.1065000;1.0960700;1.1057500;1.514.805
EURUSD;D;20160728;000000;1.1057400;1.1119500;1.1049000;1.1074800;1.457.408
EURUSD;D;20160729;000000;1.1074900;1.1197600;1.1071000;1.1171200;1.538.545
EURUSD;D;20160730;000000;1.1173300;1.1175000;1.1172000;1.1175000;37
EURUSD;D;20160731;000000;1.1173000;1.1176300;1.1170000;1.1171000;319
EURUSD;D;20160801;000000;1.1176100;1.1184000;1.1153000;1.1160200;1.228.472
EURUSD;D;20160802;000000;1.1161100;1.1233800;1.1155000;1.1221300;1.379.066
EURUSD;D;20160803;000000;1.1220900;1.1229000;1.1138000;1.1148700;1.242.881
EURUSD;D;20160804;000000;1.1147700;1.1156300;1.1112900;1.1127600;1.333.374
EURUSD;D;20160805;000000;1.1128400;1.1161300;1.1044000;1.1085400;1.247.096
EURUSD;D;20160806;000000;1.1084500;1.1086400;1.1081000;1.1081000;70
EURUSD;D;20160807;000000;1.1082000;1.1089000;1.1071900;1.1079000;503
EURUSD;D;20160808;000000;1.1084100;1.1105000;1.1070000;1.1088000;1.116.622
EURUSD;D;20160809;000000;1.1086900;1.1122600;1.1068000;1.1116100;1.188.163
EURUSD;D;20160810;000000;1.1116100;1.1190200;1.1109000;1.1174500;1.314.451
EURUSD;D;20160811;000000;1.1174400;1.1191500;1.1133000;1.1136400;1.271.381
EURUSD;D;20160812;000000;1.1136800;1.1221300;1.1129000;1.1162100;1.175.819
EURUSD;D;20160813;000000;1.1160700;1.1162300;1.1160700;1.1162300;7
EURUSD;D;20160814;000000;1.1161000;1.1173000;1.1160400;1.1166600;291
EURUSD;D;20160815;000000;1.1167300;1.1203600;1.1151000;1.1181300;1.121.408
EURUSD;D;20160816;000000;1.1182600;1.1322500;1.1175000;1.1278100;1.517.420
EURUSD;D;20160817;000000;1.1277900;1.1315900;1.1240000;1.1287900;1.491.077
EURUSD;D;20160818;000000;1.1288800;1.1366300;1.1282000;1.1353800;1.605.823
EURUSD;D;20160819;000000;1.1353700;1.1359600;1.1302000;1.1321300;1.492.944
EURUSD;D;20160820;000000;1.1325000;1.1325000;1.1325000;1.1325000;1
EURUSD;D;20160821;000000;1.1319000;1.1319000;1.1302000;1.1306700;3.031
EURUSD;D;20160822;000000;1.1306600;1.1330700;1.1268800;1.1319800;1.463.660
EURUSD;D;20160823;000000;1.1317900;1.1355300;1.1300000;1.1304400;1.415.521
EURUSD;D;20160824;000000;1.1304300;1.1311400;1.1242000;1.1262800;1.468.598
EURUSD;D;20160825;000000;1.1263300;1.1297500;1.1256000;1.1283800;1.236.812
EURUSD;D;20160826;000000;1.1283500;1.1340700;1.1179000;1.1194300;1.604.453
EURUSD;D;20160827;000000;1.1194600;1.1196400;1.1194600;1.1195000;11
EURUSD;D;20160828;000000;1.1191500;1.1197000;1.1172000;1.1174900;3.389
EURUSD;D;20160829;000000;1.1175000;1.1207800;1.1156900;1.1188100;1.434.801
EURUSD;D;20160830;000000;1.1188400;1.1192300;1.1129000;1.1142100;1.432.886
EURUSD;D;20160831;000000;1.1141200;1.1165600;1.1121000;1.1156600;1.485.551
EURUSD;D;20160901;000000;1.1156600;1.1205200;1.1126000;1.1196100;1.403.551
EURUSD;D;20160902;000000;1.1196400;1.1252100;1.1149000;1.1152100;1.583.155
EURUSD;D;20160903;000000;1.1152000;1.1152000;1.1152000;1.1152000;1
EURUSD;D;20160904;000000;1.1148000;1.1156000;1.1141200;1.1154600;1.784
EURUSD;D;20160905;000000;1.1155300;1.1182400;1.1138000;1.1146800;1.166.003
EURUSD;D;20160906;000000;1.1146900;1.1263100;1.1139000;1.1252700;1.513.569
EURUSD;D;20160907;000000;1.1254500;1.1271700;1.1227000;1.1238500;1.367.426
EURUSD;D;20160908;000000;1.1238700;1.1327000;1.1233000;1.1258400;1.798.570
EURUSD;D;20160909;000000;1.1259800;1.1285100;1.1197000;1.1231800;1.806.040
EURUSD;D;20160910;000000;1.1229400;1.1230500;1.1225000;1.1225000;9
EURUSD;D;20160911;000000;1.1229000;1.1243400;1.1227400;1.1233400;2.963
EURUSD;D;20160912;000000;1.1235100;1.1268300;1.1208000;1.1233700;1.992.170
EURUSD;D;20160913;000000;1.1233900;1.1260600;1.1202000;1.1217700;1.972.378
EURUSD;D;20160914;000000;1.1219300;1.1274100;1.1207000;1.1248800;1.835.180
EURUSD;D;20160915;000000;1.1248600;1.1284400;1.1216000;1.1243000;1.906.990
EURUSD;D;20160916;000000;1.1242400;1.1250100;1.1147000;1.1156600;1.818.385
EURUSD;D;20160918;000000;1.1158000;1.1163300;1.1147000;1.1152000;245
EURUSD;D;20160919;000000;1.1155200;1.1200000;1.1149700;1.1173900;1.670.348
EURUSD;D;20160920;000000;1.1172400;1.1213400;1.1147000;1.1149800;1.795.432
EURUSD;D;20160921;000000;1.1150500;1.1196600;1.1120000;1.1188500;2.125.018
EURUSD;D;20160922;000000;1.1185900;1.1257400;1.1182000;1.1206700;1.889.470
EURUSD;D;20160923;000000;1.1207500;1.1240500;1.1191000;1.1223700;1.758.475
EURUSD;D;20160924;000000;1.1223700;1.1226000;1.1223000;1.1226000;13
EURUSD;D;20160925;000000;1.1225000;1.1229400;1.1220100;1.1227000;1.637
EURUSD;D;20160926;000000;1.1227300;1.1280000;1.1219000;1.1253200;1.579.857
EURUSD;D;20160927;000000;1.1252900;1.1260000;1.1189000;1.1214200;1.730.984
EURUSD;D;20160928;000000;1.1214200;1.1237000;1.1179000;1.1217000;1.832.599
EURUSD;D;20160929;000000;1.1216200;1.1250100;1.1195800;1.1221300;1.914.118
EURUSD;D;20160930;000000;1.1221300;1.1251100;1.1151000;1.1240000;2.162.988
EURUSD;D;20161001;000000;1.1239000;1.1240300;1.1239000;1.1240300;2
EURUSD;D;20161002;000000;1.1237000;1.1238200;1.1221000;1.1227000;6.306
EURUSD;D;20161003;000000;1.1227900;1.1244200;1.1203000;1.1210400;1.516.648
EURUSD;D;20161004;000000;1.1210900;1.1240000;1.1136000;1.1201400;1.986.503
EURUSD;D;20161005;000000;1.1204100;1.1233300;1.1187000;1.1204400;1.769.671
EURUSD;D;20161006;000000;1.1203700;1.1212600;1.1138000;1.1146700;1.802.793
EURUSD;D;20161007;000000;1.1149700;1.1204900;1.1102000;1.1198600;2.408.430
EURUSD;D;20161008;000000;1.1200300;1.1200300;1.1197500;1.1200000;28
EURUSD;D;20161009;000000;1.1191000;1.1196000;1.1170500;1.1174000;1.023
EURUSD;D;20161010;000000;1.1179200;1.1203200;1.1129000;1.1137200;1.565.998
EURUSD;D;20161011;000000;1.1137300;1.1142400;1.1046000;1.1052300;1.801.390
EURUSD;D;20161012;000000;1.1053200;1.1067600;1.1002000;1.1005400;1.987.387
EURUSD;D;20161013;000000;1.1006000;1.1057600;1.0983000;1.1055500;1.909.495
EURUSD;D;20161014;000000;1.1055500;1.1058400;1.0968000;1.0971600;1.692.393
EURUSD;D;20161015;000000;1.0971600;1.0971600;1.0966000;1.0966000;21
EURUSD;D;20161016;000000;1.0972000;1.0978000;1.0964000;1.0966200;7.979
EURUSD;D;20161017;000000;1.0971400;1.1010000;1.0961000;1.0998400;1.648.639
EURUSD;D;20161018;000000;1.0999100;1.1026300;1.0968400;1.0980200;1.611.218
EURUSD;D;20161019;000000;1.0980400;1.1004800;1.0952000;1.0973600;1.630.524
EURUSD;D;20161020;000000;1.0973200;1.1039200;1.0913000;1.0928900;1.740.232
EURUSD;D;20161021;000000;1.0928800;1.0929700;1.0857000;1.0883600;1.609.395
EURUSD;D;20161022;000000;1.0881800;1.0883800;1.0881800;1.0883800;14
EURUSD;D;20161023;000000;1.0879000;1.0888000;1.0876000;1.0878000;6.404
EURUSD;D;20161024;000000;1.0882000;1.0900000;1.0857000;1.0880000;1.393.789
EURUSD;D;20161025;000000;1.0881100;1.0905000;1.0848000;1.0887900;1.468.510
EURUSD;D;20161026;000000;1.0887200;1.0946800;1.0872000;1.0907200;1.455.005
EURUSD;D;20161027;000000;1.0907700;1.0942300;1.0880000;1.0894900;1.480.765
EURUSD;D;20161028;000000;1.0895600;1.0991700;1.0890000;1.0982000;1.648.109
EURUSD;D;20161029;000000;1.0985400;1.0985400;1.0981000;1.0981000;2
EURUSD;D;20161030;000000;1.0983000;1.0991200;1.0977300;1.0989700;8.586
EURUSD;D;20161031;000000;1.0989600;1.0991200;1.0934000;1.0980000;1.357.488
EURUSD;D;20161101;000000;1.0980400;1.1069000;1.0956000;1.1053500;1.543.486
EURUSD;D;20161102;000000;1.1055000;1.1123100;1.1047000;1.1097000;1.761.796
EURUSD;D;20161103;000000;1.1097000;1.1126100;1.1057000;1.1103500;1.695.176
EURUSD;D;20161104;000000;1.1104700;1.1141900;1.1078000;1.1137900;1.565.601
EURUSD;D;20161105;000000;1.1137800;1.1145000;1.1136000;1.1145000;19
EURUSD;D;20161106;000000;1.1134000;1.1135000;1.1041000;1.1067000;609
EURUSD;D;20161107;000000;1.1067300;1.1110400;1.1025000;1.1044600;1.565.197
EURUSD;D;20161108;000000;1.1044800;1.1067100;1.1006000;1.1014500;1.443.668
EURUSD;D;20161109;000000;1.1014400;1.1299600;1.0908000;1.0909200;3.110.816
EURUSD;D;20161110;000000;1.0908900;1.0953600;1.0862000;1.0885400;2.269.378
EURUSD;D;20161111;000000;1.0885000;1.0923500;1.0829000;1.0846900;2.149.014
EURUSD;D;20161112;000000;1.0846900;1.0862800;1.0843000;1.0851900;35.580
EURUSD;D;20161113;000000;1.0846000;1.0846000;1.0824000;1.0830000;505
EURUSD;D;20161114;000000;1.0830000;1.0841800;1.0707000;1.0734200;2.322.250
EURUSD;D;20161115;000000;1.0734300;1.0816700;1.0711000;1.0728700;2.058.222
EURUSD;D;20161116;000000;1.0729300;1.0759500;1.0664000;1.0682400;1.946.568
EURUSD;D;20161117;000000;1.0683500;1.0745600;1.0617000;1.0624500;1.970.317
EURUSD;D;20161118;000000;1.0624500;1.0643000;1.0567000;1.0592700;2.152.833
EURUSD;D;20161119;000000;1.0592700;1.0597200;1.0583600;1.0584100;42.552
EURUSD;D;20161120;000000;1.0590000;1.0613500;1.0590000;1.0598600;582
EURUSD;D;20161121;000000;1.0599000;1.0649100;1.0576000;1.0625300;1.971.872
EURUSD;D;20161122;000000;1.0625300;1.0660000;1.0582000;1.0624300;1.962.668
EURUSD;D;20161123;000000;1.0624500;1.0643600;1.0524000;1.0552600;1.894.038
EURUSD;D;20161124;000000;1.0552600;1.0585400;1.0517000;1.0552300;1.746.458
EURUSD;D;20161125;000000;1.0552300;1.0627500;1.0536000;1.0592300;1.962.396
EURUSD;D;20161126;000000;1.0592700;1.0600000;1.0584000;1.0589200;25.951
EURUSD;D;20161127;000000;1.0592000;1.0616700;1.0591400;1.0611900;740
EURUSD;D;20161128;000000;1.0614000;1.0685500;1.0562000;1.0607400;2.003.718
EURUSD;D;20161129;000000;1.0607200;1.0649700;1.0564000;1.0645400;1.886.243
EURUSD;D;20161130;000000;1.0644900;1.0666600;1.0551800;1.0596800;2.103.470
EURUSD;D;20161201;000000;1.0597000;1.0663200;1.0583000;1.0659300;2.085.977
EURUSD;D;20161202;000000;1.0660100;1.0689800;1.0623000;1.0663300;1.944.889
EURUSD;D;20161203;000000;1.0663100;1.0675500;1.0659800;1.0660800;47.753
EURUSD;D;20161204;000000;1.0680300;1.0680300;1.0636700;1.0640100;4.441
EURUSD;D;20161205;000000;1.0644300;1.0796600;1.0503800;1.0762400;2.303.678
EURUSD;D;20161206;000000;1.0762200;1.0785400;1.0697000;1.0721000;1.771.453
EURUSD;D;20161207;000000;1.0721400;1.0770000;1.0707000;1.0762900;1.558.327
EURUSD;D;20161208;000000;1.0762600;1.0873600;1.0596000;1.0615300;1.929.920
EURUSD;D;20161209;000000;1.0615500;1.0630000;1.0529000;1.0559000;1.679.933
EURUSD;D;20161210;000000;1.0559500;1.0561800;1.0549000;1.0557800;37.208
EURUSD;D;20161211;000000;1.0545000;1.0552100;1.0528000;1.0530500;5.661
EURUSD;D;20161212;000000;1.0530400;1.0651700;1.0523000;1.0634200;1.801.514
EURUSD;D;20161213;000000;1.0633800;1.0667200;1.0601000;1.0620400;1.664.614
EURUSD;D;20161214;000000;1.0620300;1.0670100;1.0495500;1.0532500;1.926.679
EURUSD;D;20161215;000000;1.0532200;1.0540300;1.0364000;1.0413400;2.420.010
EURUSD;D;20161216;000000;1.0413300;1.0474200;1.0398000;1.0442100;1.958.650
EURUSD;D;20161217;000000;1.0442300;1.0452700;1.0439000;1.0449200;39.567
EURUSD;D;20161218;000000;1.0450000;1.0450000;1.0424000;1.0428800;3.742
EURUSD;D;20161219;000000;1.0428700;1.0479500;1.0393000;1.0400300;1.769.310
EURUSD;D;20161220;000000;1.0400100;1.0418000;1.0350000;1.0389600;1.756.566
EURUSD;D;20161221;000000;1.0389500;1.0451200;1.0380000;1.0430300;1.597.778
EURUSD;D;20161222;000000;1.0430700;1.0499400;1.0419000;1.0434000;1.643.624
EURUSD;D;20161223;000000;1.0434000;1.0469100;1.0424000;1.0448700;1.277.613
EURUSD;D;20161224;000000;1.0448900;1.0458200;1.0445000;1.0446000;26.389
EURUSD;D;20161225;000000;1.0452700;1.0452700;1.0451000;1.0451000;18
EURUSD;D;20161226;000000;1.0455400;1.0469000;1.0438000;1.0456500;579.948
EURUSD;D;20161227;000000;1.0456500;1.0463400;1.0430000;1.0455300;1.165.479
EURUSD;D;20161228;000000;1.0455200;1.0479900;1.0370000;1.0406800;1.293.696
EURUSD;D;20161229;000000;1.0407300;1.0494000;1.0403000;1.0482600;1.494.123
EURUSD;D;20161230;000000;1.0483400;1.0653600;1.0479000;1.0524600;1.853.031
EURUSD;D;20161231;000000;1.0524500;1.0533000;1.0510000;1.0516000;40.079
EURUSD;D;20170101;000000;1.0527000;1.0528000;1.0509000;1.0515000;169
EURUSD;D;20170102;000000;1.0515000;1.0529300;1.0455000;1.0459900;615.476
EURUSD;D;20170103;000000;1.0459900;1.0490100;1.0339400;1.0401700;1.736.676
EURUSD;D;20170104;000000;1.0402000;1.0499800;1.0387000;1.0486000;1.867.862
EURUSD;D;20170105;000000;1.0485700;1.0615400;1.0479000;1.0598900;2.383.324
EURUSD;D;20170106;000000;1.0598800;1.0622100;1.0522000;1.0534100;1.996.544
EURUSD;D;20170107;000000;1.0533800;1.0535500;1.0527000;1.0532000;42.630
EURUSD;D;20170108;000000;1.0531800;1.0538000;1.0524000;1.0528100;7.585
EURUSD;D;20170109;000000;1.0528000;1.0583100;1.0508000;1.0568400;1.650.788
EURUSD;D;20170110;000000;1.0568700;1.0627400;1.0549000;1.0560900;1.993.247
EURUSD;D;20170111;000000;1.0561700;1.0622900;1.0452000;1.0572100;2.195.488
EURUSD;D;20170112;000000;1.0572800;1.0684800;1.0569000;1.0622000;2.295.562
EURUSD;D;20170113;000000;1.0623300;1.0673600;1.0595500;1.0637100;1.886.027
EURUSD;D;20170114;000000;1.0636900;1.0645000;1.0634000;1.0639900;34.271
EURUSD;D;20170115;000000;1.0615000;1.0627000;1.0599000;1.0601800;794
EURUSD;D;20170116;000000;1.0599000;1.0635900;1.0577000;1.0599200;1.603.710
EURUSD;D;20170117;000000;1.0598500;1.0720000;1.0594700;1.0704800;2.301.314
EURUSD;D;20170118;000000;1.0704900;1.0715900;1.0628000;1.0638200;1.986.307
EURUSD;D;20170119;000000;1.0637500;1.0676700;1.0588400;1.0660100;2.169.013
EURUSD;D;20170120;000000;1.0660300;1.0709600;1.0623000;1.0695500;2.128.084
EURUSD;D;20170121;000000;1.0695400;1.0704900;1.0689000;1.0699000;43.929
EURUSD;D;20170122;000000;1.0705100;1.0705100;1.0705100;1.0705100;2
EURUSD;D;20170123;000000;1.0705100;1.0754900;1.0700500;1.0743400;1.771.911
EURUSD;D;20170124;000000;1.0743200;1.0775000;1.0718000;1.0732900;1.924.139
EURUSD;D;20170125;000000;1.0733400;1.0770000;1.0709000;1.0752100;1.868.653
EURUSD;D;20170126;000000;1.0752400;1.0765700;1.0655000;1.0675500;1.933.064
EURUSD;D;20170127;000000;1.0675400;1.0725000;1.0657000;1.0694900;1.813.040
EURUSD;D;20170128;000000;1.0695300;1.0699100;1.0691000;1.0697900;37.229
EURUSD;D;20170129;000000;1.0690000;1.0718000;1.0685900;1.0715000;2.496
EURUSD;D;20170130;000000;1.0717000;1.0740300;1.0618800;1.0694500;1.819.208
EURUSD;D;20170131;000000;1.0694300;1.0812300;1.0682000;1.0796100;2.159.306
EURUSD;D;20170201;000000;1.0795700;1.0807500;1.0729400;1.0769600;1.892.990
EURUSD;D;20170202;000000;1.0770000;1.0828800;1.0754000;1.0761700;1.745.783
EURUSD;D;20170203;000000;1.0762300;1.0800000;1.0709900;1.0779600;1.836.874
EURUSD;D;20170204;000000;1.0778900;1.0787900;1.0775000;1.0780400;40.088
EURUSD;D;20170205;000000;1.0782000;1.0800000;1.0777000;1.0794000;2.049
EURUSD;D;20170206;000000;1.0794000;1.0798000;1.0704000;1.0750500;1.656.025
EURUSD;D;20170207;000000;1.0750500;1.0754100;1.0654000;1.0688100;1.657.093
EURUSD;D;20170208;000000;1.0688300;1.0714000;1.0638000;1.0687000;1.668.639
EURUSD;D;20170209;000000;1.0687600;1.0710000;1.0649000;1.0661600;1.565.936
EURUSD;D;20170210;000000;1.0662100;1.0667700;1.0606000;1.0637500;1.513.617
EURUSD;D;20170211;000000;1.0637600;1.0641900;1.0630000;1.0637000;35.541
EURUSD;D;20170212;000000;1.0637000;1.0640100;1.0619600;1.0623600;4.939
EURUSD;D;20170213;000000;1.0625900;1.0658400;1.0590000;1.0595800;1.447.467
EURUSD;D;20170214;000000;1.0595600;1.0633500;1.0559000;1.0576100;1.628.213
EURUSD;D;20170215;000000;1.0575100;1.0605800;1.0528900;1.0601900;1.528.791
EURUSD;D;20170216;000000;1.0601900;1.0680000;1.0587000;1.0673300;1.607.316
EURUSD;D;20170217;000000;1.0673000;1.0676900;1.0603000;1.0608200;1.498.281
EURUSD;D;20170218;000000;1.0608100;1.0616200;1.0604000;1.0612800;41.133
EURUSD;D;20170219;000000;1.0616000;1.0622200;1.0601400;1.0606000;4.614
EURUSD;D;20170220;000000;1.0609400;1.0633000;1.0601000;1.0614600;1.188.343
EURUSD;D;20170221;000000;1.0614600;1.0616000;1.0523000;1.0544100;1.347.509
EURUSD;D;20170222;000000;1.0544800;1.0574100;1.0492000;1.0566100;1.732.185
EURUSD;D;20170223;000000;1.0566100;1.0595400;1.0536000;1.0581600;1.619.988
EURUSD;D;20170224;000000;1.0582100;1.0620000;1.0555000;1.0561000;1.569.674
EURUSD;D;20170225;000000;1.0561200;1.0562800;1.0547000;1.0551000;25.232
EURUSD;D;20170226;000000;1.0560000;1.0569200;1.0555700;1.0566800;2.866
EURUSD;D;20170227;000000;1.0566700;1.0630700;1.0549000;1.0589900;1.475.830
EURUSD;D;20170228;000000;1.0589500;1.0630100;1.0566600;1.0594700;1.569.546
EURUSD;D;20170301;000000;1.0594900;1.0594900;1.0512700;1.0545800;1.953.109
EURUSD;D;20170302;000000;1.0545700;1.0551600;1.0493000;1.0507000;1.604.656
EURUSD;D;20170303;000000;1.0506700;1.0617300;1.0500000;1.0615700;1.724.170
EURUSD;D;20170304;000000;1.0616000;1.0623900;1.0609000;1.0618200;40.389
EURUSD;D;20170305;000000;1.0614000;1.0615000;1.0600000;1.0602400;518
EURUSD;D;20170306;000000;1.0602000;1.0640200;1.0572000;1.0582400;1.387.005
EURUSD;D;20170307;000000;1.0582300;1.0602600;1.0556000;1.0570000;1.370.014
EURUSD;D;20170308;000000;1.0569900;1.0574200;1.0533000;1.0543000;1.493.296
EURUSD;D;20170309;000000;1.0543300;1.0615400;1.0522000;1.0582000;1.794.779
EURUSD;D;20170310;000000;1.0581900;1.0699100;1.0569700;1.0686600;1.719.206
EURUSD;D;20170311;000000;1.0686700;1.0689600;1.0667000;1.0670000;47.972
EURUSD;D;20170312;000000;1.0671000;1.0688000;1.0669000;1.0675700;3.741
EURUSD;D;20170313;000000;1.0675600;1.0714400;1.0649000;1.0652500;1.550.802
EURUSD;D;20170314;000000;1.0653000;1.0662700;1.0598000;1.0603600;1.298.684
EURUSD;D;20170315;000000;1.0603600;1.0740200;1.0601000;1.0733900;1.471.014
EURUSD;D;20170316;000000;1.0733800;1.0770300;1.0703000;1.0765500;1.775.846
EURUSD;D;20170317;000000;1.0764500;1.0782400;1.0725000;1.0736600;1.524.375
EURUSD;D;20170318;000000;1.0736000;1.0742000;1.0733800;1.0733800;69
EURUSD;D;20170319;000000;1.0736000;1.0738000;1.0727000;1.0730400;5.323
EURUSD;D;20170320;000000;1.0735900;1.0777300;1.0722000;1.0739400;1.245.230
EURUSD;D;20170321;000000;1.0738000;1.0820000;1.0717000;1.0810000;1.675.103
EURUSD;D;20170322;000000;1.0809500;1.0824700;1.0773000;1.0796800;1.628.523
EURUSD;D;20170323;000000;1.0796100;1.0805000;1.0766000;1.0782300;1.536.184
EURUSD;D;20170324;000000;1.0781800;1.0818100;1.0758000;1.0797000;1.479.606
EURUSD;D;20170325;000000;1.0797000;1.0798000;1.0795000;1.0795000;33
EURUSD;D;20170326;000000;1.0795000;1.0846400;1.0794000;1.0836200;5.823
EURUSD;D;20170327;000000;1.0836400;1.0906100;1.0824000;1.0863200;1.425.578
EURUSD;D;20170328;000000;1.0864200;1.0872700;1.0796000;1.0810300;1.357.978
EURUSD;D;20170329;000000;1.0811400;1.0826600;1.0737000;1.0764000;1.479.327
EURUSD;D;20170330;000000;1.0764000;1.0770000;1.0669000;1.0673700;1.407.530
EURUSD;D;20170331;000000;1.0674800;1.0701900;1.0649900;1.0651500;1.460.081
EURUSD;D;20170401;000000;1.0651000;1.0665000;1.0649800;1.0663000;165
EURUSD;D;20170402;000000;1.0658000;1.0664000;1.0656400;1.0660500;2.460
EURUSD;D;20170403;000000;1.0657300;1.0681100;1.0640000;1.0668900;1.264.996
EURUSD;D;20170404;000000;1.0668900;1.0677300;1.0633000;1.0672900;1.220.393
EURUSD;D;20170405;000000;1.0671700;1.0690000;1.0633600;1.0662100;1.288.542
EURUSD;D;20170406;000000;1.0660600;1.0684100;1.0627000;1.0643600;1.216.834
EURUSD;D;20170407;000000;1.0643800;1.0667200;1.0578000;1.0589500;1.511.076
EURUSD;D;20170409;000000;1.0595000;1.0602000;1.0578100;1.0586800;3.653
EURUSD;D;20170410;000000;1.0586400;1.0606700;1.0568000;1.0595300;1.122.458
EURUSD;D;20170411;000000;1.0594400;1.0630100;1.0576000;1.0604500;1.265.376
EURUSD;D;20170412;000000;1.0603800;1.0675100;1.0587000;1.0663700;1.356.274
EURUSD;D;20170413;000000;1.0662400;1.0677700;1.0607700;1.0613100;1.320.494
EURUSD;D;20170414;000000;1.0613000;1.0630000;1.0604000;1.0610700;698.974
EURUSD;D;20170415;000000;1.0610100;1.0611700;1.0610100;1.0611700;7
EURUSD;D;20170416;000000;1.0613000;1.0619000;1.0608400;1.0615600;1.265
EURUSD;D;20170417;000000;1.0615000;1.0670500;1.0600800;1.0642400;837.449
EURUSD;D;20170418;000000;1.0642400;1.0736000;1.0635000;1.0730400;1.415.383
EURUSD;D;20170419;000000;1.0730500;1.0736900;1.0698000;1.0710100;1.232.198
EURUSD;D;20170420;000000;1.0711000;1.0777600;1.0706000;1.0716800;1.254.431
EURUSD;D;20170421;000000;1.0716800;1.0738100;1.0680000;1.0724600;1.226.167
EURUSD;D;20170423;000000;1.0879500;1.0933400;1.0874600;1.0917500;3.466
EURUSD;D;20170424;000000;1.0918500;1.0918500;1.0818000;1.0867100;1.692.940
EURUSD;D;20170425;000000;1.0867000;1.0950000;1.0849000;1.0925100;1.307.724
EURUSD;D;20170426;000000;1.0924500;1.0950900;1.0855000;1.0903200;1.408.596
EURUSD;D;20170427;000000;1.0902900;1.0932900;1.0849000;1.0872200;1.377.925
EURUSD;D;20170428;000000;1.0871100;1.0947500;1.0855000;1.0892600;1.380.435
EURUSD;D;20170429;000000;1.0892000;1.0893200;1.0892000;1.0893200;8
EURUSD;D;20170430;000000;1.0898000;1.0917000;1.0893100;1.0910000;1.126
EURUSD;D;20170501;000000;1.0910100;1.0924100;1.0882900;1.0898100;841.551
EURUSD;D;20170502;000000;1.0898200;1.0933200;1.0886000;1.0928000;1.183.322
EURUSD;D;20170503;000000;1.0928300;1.0937000;1.0880000;1.0883600;1.314.767
EURUSD;D;20170504;000000;1.0883600;1.0987300;1.0873000;1.0984300;1.552.650
EURUSD;D;20170505;000000;1.0983600;1.1000000;1.0947100;1.0996000;1.500.110
EURUSD;D;20170506;000000;1.0996000;1.0996000;1.0994000;1.0995000;4
EURUSD;D;20170507;000000;1.0997000;1.1022200;1.0995000;1.1017000;6.186
EURUSD;D;20170508;000000;1.1019000;1.1023500;1.0915000;1.0923700;1.521.665
EURUSD;D;20170509;000000;1.0923200;1.0933500;1.0861000;1.0873000;1.465.151
EURUSD;D;20170510;000000;1.0871500;1.0898200;1.0851000;1.0866300;1.419.871
EURUSD;D;20170511;000000;1.0865400;1.0893100;1.0837000;1.0860700;1.339.652
EURUSD;D;20170512;000000;1.0858500;1.0934300;1.0854000;1.0928000;1.310.771
EURUSD;D;20170513;000000;1.0929000;1.0929600;1.0926000;1.0926000;60
EURUSD;D;20170514;000000;1.0921000;1.0930400;1.0920000;1.0929600;3.671
EURUSD;D;20170515;000000;1.0929200;1.0990000;1.0920000;1.0975200;1.301.573
EURUSD;D;20170516;000000;1.0974300;1.1097400;1.0971000;1.1082400;1.523.591
EURUSD;D;20170517;000000;1.1081300;1.1162200;1.1077500;1.1158500;1.774.347
EURUSD;D;20170518;000000;1.1157300;1.1174300;1.1074000;1.1103000;2.054.347
EURUSD;D;20170519;000000;1.1100900;1.1212200;1.1094000;1.1205600;1.534.216
EURUSD;D;20170520;000000;1.1202000;1.1206000;1.1202000;1.1204000;5
EURUSD;D;20170521;000000;1.1198000;1.1206500;1.1183000;1.1192200;1.613
EURUSD;D;20170522;000000;1.1194500;1.1263500;1.1159000;1.1236700;1.538.799
EURUSD;D;20170523;000000;1.1237000;1.1268300;1.1172000;1.1181700;1.832.771
EURUSD;D;20170524;000000;1.1180800;1.1220100;1.1166000;1.1217600;1.695.564
EURUSD;D;20170525;000000;1.1217900;1.1250400;1.1192700;1.1209800;1.467.578
EURUSD;D;20170526;000000;1.1209800;1.1234700;1.1159000;1.1181000;1.495.156
EURUSD;D;20170527;000000;1.1182000;1.1182000;1.1177000;1.1177000;49
EURUSD;D;20170528;000000;1.1180900;1.1180900;1.1165000;1.1169100;783
EURUSD;D;20170529;000000;1.1177100;1.1190000;1.1159000;1.1162100;1.027.734
EURUSD;D;20170530;000000;1.1164900;1.1205500;1.1107000;1.1186000;1.636.514
EURUSD;D;20170531;000000;1.1186000;1.1252300;1.1162000;1.1243100;1.505.965
EURUSD;D;20170601;000000;1.1243200;1.1256800;1.1200000;1.1212400;1.417.344
EURUSD;D;20170602;000000;1.1212100;1.1285100;1.1203000;1.1282500;1.412.417
EURUSD;D;20170603;000000;1.1282500;1.1282500;1.1279000;1.1279000;2
EURUSD;D;20170604;000000;1.1273000;1.1282000;1.1268000;1.1271000;371
EURUSD;D;20170605;000000;1.1271000;1.1283900;1.1233000;1.1254100;1.328.323
EURUSD;D;20170606;000000;1.1254000;1.1284300;1.1238000;1.1276200;1.445.920
EURUSD;D;20170607;000000;1.1274900;1.1282600;1.1202000;1.1255600;1.472.945
EURUSD;D;20170608;000000;1.1255600;1.1270000;1.1194000;1.1214000;1.642.561
EURUSD;D;20170609;000000;1.1211900;1.1237100;1.1164000;1.1194200;1.797.176
EURUSD;D;20170610;000000;1.1194200;1.1194200;1.1194000;1.1194000;2
EURUSD;D;20170611;000000;1.1198000;1.1213000;1.1191000;1.1207000;3.192
EURUSD;D;20170612;000000;1.1206700;1.1232200;1.1190200;1.1202200;1.247.773
EURUSD;D;20170613;000000;1.1200300;1.1225000;1.1183200;1.1210200;1.230.953
EURUSD;D;20170614;000000;1.1209400;1.1296000;1.1192000;1.1216400;1.906.484
EURUSD;D;20170615;000000;1.1216400;1.1228600;1.1130000;1.1143700;1.694.327
EURUSD;D;20170616;000000;1.1142700;1.1201800;1.1136400;1.1195300;1.352.454
EURUSD;D;20170617;000000;1.1195000;1.1196000;1.1182000;1.1183700;74
EURUSD;D;20170618;000000;1.1194200;1.1212000;1.1194200;1.1204000;519
EURUSD;D;20170619;000000;1.1205400;1.1212900;1.1142000;1.1147600;1.311.252
EURUSD;D;20170620;000000;1.1148500;1.1165000;1.1116800;1.1133600;1.418.434
EURUSD;D;20170621;000000;1.1132800;1.1169000;1.1125900;1.1167700;1.209.308
EURUSD;D;20170622;000000;1.1167700;1.1180000;1.1137600;1.1150700;1.326.600
EURUSD;D;20170623;000000;1.1151400;1.1210000;1.1143000;1.1193400;887.699
EURUSD;D;20170624;000000;1.1192000;1.1192000;1.1183000;1.1183000;24
EURUSD;D;20170625;000000;1.1199000;1.1200800;1.1192000;1.1196300;756
EURUSD;D;20170626;000000;1.1196200;1.1220000;1.1170000;1.1180100;1.332.091
EURUSD;D;20170627;000000;1.1181600;1.1349500;1.1177000;1.1338200;1.706.065
EURUSD;D;20170628;000000;1.1338200;1.1391000;1.1290800;1.1376500;2.035.486
EURUSD;D;20170629;000000;1.1376900;1.1445600;1.1372000;1.1440000;1.856.381
EURUSD;D;20170630;000000;1.1440000;1.1445400;1.1390200;1.1425000;1.667.219
EURUSD;D;20170701;000000;1.1425300;1.1432000;1.1423000;1.1427000;172
EURUSD;D;20170702;000000;1.1418000;1.1422800;1.1410300;1.1415000;4.503
EURUSD;D;20170703;000000;1.1418600;1.1426700;1.1353200;1.1363400;1.388.341
EURUSD;D;20170704;000000;1.1363100;1.1377100;1.1334400;1.1345000;1.284.267
EURUSD;D;20170705;000000;1.1344000;1.1370000;1.1311000;1.1350700;1.586.037
EURUSD;D;20170706;000000;1.1350700;1.1425000;1.1327900;1.1421700;1.637.230
EURUSD;D;20170707;000000;1.1421200;1.1440000;1.1378200;1.1399600;1.601.252
EURUSD;D;20170708;000000;1.1400000;1.1401000;1.1398000;1.1398000;22
EURUSD;D;20170709;000000;1.1390000;1.1399300;1.1388000;1.1395600;2.724
EURUSD;D;20170710;000000;1.1398800;1.1420000;1.1380000;1.1398600;1.175.940
EURUSD;D;20170711;000000;1.1398200;1.1479700;1.1380800;1.1467400;1.420.410
EURUSD;D;20170712;000000;1.1465400;1.1489600;1.1390800;1.1411000;1.811.645
EURUSD;D;20170713;000000;1.1411100;1.1455900;1.1369000;1.1396400;1.673.869
EURUSD;D;20170714;000000;1.1396900;1.1471900;1.1390000;1.1468600;1.535.425
EURUSD;D;20170715;000000;1.1467400;1.1472000;1.1461000;1.1461300;186
EURUSD;D;20170716;000000;1.1462000;1.1474000;1.1458900;1.1472300;4.450
EURUSD;D;20170717;000000;1.1473100;1.1490000;1.1433000;1.1477500;1.299.084
EURUSD;D;20170718;000000;1.1477200;1.1583400;1.1469400;1.1552600;1.857.943
EURUSD;D;20170719;000000;1.1553100;1.1556300;1.1509000;1.1513600;1.392.288
EURUSD;D;20170720;000000;1.1514600;1.1658200;1.1477600;1.1628800;2.003.959
EURUSD;D;20170721;000000;1.1628200;1.1683000;1.1617000;1.1660000;1.584.457
EURUSD;D;20170722;000000;1.1659000;1.1661000;1.1658000;1.1659000;28
EURUSD;D;20170723;000000;1.1658000;1.1668000;1.1657000;1.1664000;3.509
EURUSD;D;20170724;000000;1.1662000;1.1684300;1.1625000;1.1640300;1.383.707
EURUSD;D;20170725;000000;1.1640000;1.1712200;1.1629000;1.1646000;1.563.131
EURUSD;D;20170726;000000;1.1645600;1.1740100;1.1612000;1.1732000;1.776.130
EURUSD;D;20170727;000000;1.1732600;1.1776800;1.1648600;1.1674500;1.876.533
EURUSD;D;20170728;000000;1.1676000;1.1764200;1.1670000;1.1747800;1.693.956
EURUSD;D;20170729;000000;1.1751000;1.1751000;1.1751000;1.1751000;1
EURUSD;D;20170730;000000;1.1735000;1.1752000;1.1733000;1.1745600;1.188
EURUSD;D;20170731;000000;1.1750000;1.1845700;1.1721300;1.1841000;1.586.996
EURUSD;D;20170801;000000;1.1840800;1.1844700;1.1784300;1.1800900;1.673.181
EURUSD;D;20170802;000000;1.1800800;1.1910300;1.1792000;1.1855400;1.646.637
EURUSD;D;20170803;000000;1.1855000;1.1893100;1.1828600;1.1868900;1.593.882
EURUSD;D;20170804;000000;1.1867300;1.1890000;1.1727400;1.1770600;1.598.080
EURUSD;D;20170805;000000;1.1769000;1.1777000;1.1769000;1.1772000;83
EURUSD;D;20170806;000000;1.1766000;1.1779000;1.1764300;1.1771000;4.185
EURUSD;D;20170807;000000;1.1771800;1.1814300;1.1768700;1.1794300;1.267.127
EURUSD;D;20170808;000000;1.1794300;1.1824000;1.1714000;1.1750900;1.444.269
EURUSD;D;20170809;000000;1.1750900;1.1764000;1.1687800;1.1758600;1.702.871
EURUSD;D;20170810;000000;1.1758200;1.1785500;1.1702400;1.1771400;1.618.342
EURUSD;D;20170811;000000;1.1770300;1.1847200;1.1746900;1.1819800;1.619.327
EURUSD;D;20170812;000000;1.1819500;1.1826000;1.1819500;1.1824100;25
EURUSD;D;20170813;000000;1.1805000;1.1826800;1.1805000;1.1818700;1.569
EURUSD;D;20170814;000000;1.1822200;1.1840000;1.1769000;1.1777900;1.373.221
EURUSD;D;20170815;000000;1.1778500;1.1792800;1.1686000;1.1733500;1.455.909
EURUSD;D;20170816;000000;1.1732700;1.1778800;1.1680800;1.1766400;1.688.656
EURUSD;D;20170817;000000;1.1766000;1.1790000;1.1661500;1.1722600;1.854.515
EURUSD;D;20170818;000000;1.1721600;1.1774600;1.1707000;1.1758600;1.728.820
EURUSD;D;20170819;000000;1.1757000;1.1765000;1.1755900;1.1760000;93
EURUSD;D;20170820;000000;1.1758200;1.1764000;1.1753000;1.1755600;1.413
EURUSD;D;20170821;000000;1.1760500;1.1828200;1.1729400;1.1814500;1.312.250
EURUSD;D;20170822;000000;1.1813200;1.1824400;1.1743500;1.1760500;1.409.754
EURUSD;D;20170823;000000;1.1760700;1.1823200;1.1739200;1.1806000;1.417.203
EURUSD;D;20170824;000000;1.1805700;1.1817800;1.1782600;1.1798700;1.452.623
EURUSD;D;20170825;000000;1.1798600;1.1941500;1.1772000;1.1921900;1.705.368
EURUSD;D;20170826;000000;1.1928000;1.1928000;1.1918300;1.1924000;73
EURUSD;D;20170827;000000;1.1931000;1.1962000;1.1928500;1.1943600;4.403
EURUSD;D;20170828;000000;1.1943500;1.1983800;1.1915000;1.1978300;1.281.231
EURUSD;D;20170829;000000;1.1978600;1.2070400;1.1945000;1.1971000;1.982.681
EURUSD;D;20170830;000000;1.1971600;1.1984500;1.1879000;1.1882800;1.611.805
EURUSD;D;20170831;000000;1.1883600;1.1912800;1.1821000;1.1908900;1.674.727
EURUSD;D;20170901;000000;1.1909300;1.1979800;1.1848800;1.1858000;1.672.466
EURUSD;D;20170902;000000;1.1857000;1.1857000;1.1857000;1.1857000;2
EURUSD;D;20170903;000000;1.1857000;1.1887300;1.1851300;1.1880600;4.613
EURUSD;D;20170904;000000;1.1884300;1.1922100;1.1872300;1.1896500;1.197.928
EURUSD;D;20170905;000000;1.1894000;1.1940800;1.1867000;1.1913500;1.689.403
EURUSD;D;20170906;000000;1.1911200;1.1950400;1.1902000;1.1916600;1.683.048
EURUSD;D;20170907;000000;1.1915800;1.2059700;1.1913000;1.2020000;1.894.644
EURUSD;D;20170908;000000;1.2022800;1.2092400;1.2013000;1.2033400;1.846.447
EURUSD;D;20170909;000000;1.2035000;1.2035000;1.2035000;1.2035000;1
EURUSD;D;20170910;000000;1.2039000;1.2039000;1.2007000;1.2016000;3.480
EURUSD;D;20170911;000000;1.2016000;1.2030000;1.1946000;1.1952100;1.456.485
EURUSD;D;20170912;000000;1.1951900;1.1978200;1.1925000;1.1965500;1.423.225
EURUSD;D;20170913;000000;1.1966500;1.1994900;1.1871000;1.1884600;1.550.159
EURUSD;D;20170914;000000;1.1885200;1.1922500;1.1837000;1.1918500;1.694.392
EURUSD;D;20170915;000000;1.1918200;1.1987200;1.1900000;1.1942500;1.732.563
EURUSD;D;20170916;000000;1.1941900;1.1945400;1.1941700;1.1941800;58
EURUSD;D;20170917;000000;1.1944200;1.1947000;1.1917900;1.1919400;1.873
EURUSD;D;20170918;000000;1.1919300;1.1970000;1.1913000;1.1950500;1.506.752
EURUSD;D;20170919;000000;1.1953500;1.2006700;1.1948000;1.1994000;1.621.710
EURUSD;D;20170920;000000;1.1994400;1.2034100;1.1860000;1.1890600;1.846.318
EURUSD;D;20170921;000000;1.1892300;1.1953800;1.1864000;1.1940300;1.651.024
EURUSD;D;20170922;000000;1.1940300;1.2004600;1.1935000;1.1946900;1.351.736
EURUSD;D;20170923;000000;1.1945900;1.1951000;1.1945900;1.1951000;2
EURUSD;D;20170924;000000;1.1951000;1.1960000;1.1894700;1.1897600;5.806
EURUSD;D;20170925;000000;1.1897500;1.1936600;1.1831000;1.1848100;1.474.730
EURUSD;D;20170926;000000;1.1846400;1.1861600;1.1756000;1.1791500;1.551.911
EURUSD;D;20170927;000000;1.1791900;1.1795400;1.1716000;1.1744700;1.532.503
EURUSD;D;20170928;000000;1.1744400;1.1804100;1.1720000;1.1784900;1.526.418
EURUSD;D;20170929;000000;1.1784700;1.1832500;1.1770000;1.1812800;1.391.607
EURUSD;D;20170930;000000;1.1813000;1.1813000;1.1813000;1.1813000;1
EURUSD;D;20171001;000000;1.1813000;1.1816000;1.1775000;1.1790200;1.538