EURUSD;D;20190901;000000;1.0987500;1.0997500;1.0981300;1.0990300;44929
EURUSD;D;20190902;000000;1.0990200;1.0993200;1.0956000;1.0964400;582180
EURUSD;D;20190903;000000;1.0964100;1.0978900;1.0924000;1.0972500;1051630
EURUSD;D;20190904;000000;1.0972600;1.1038500;1.0970000;1.1034700;969707
EURUSD;D;20190905;000000;1.1033900;1.1084700;1.1016000;1.1033900;1068361
EURUSD;D;20190906;000000;1.1033800;1.1057300;1.1018000;1.1028900;2094224
EURUSD;D;20190908;000000;1.1024900;1.1028400;1.1018000;1.1020100;57223
EURUSD;D;20190909;000000;1.1020100;1.1068100;1.1014000;1.1046900;1840372
EURUSD;D;20190910;000000;1.1047000;1.1059500;1.1029000;1.1050100;1820773
EURUSD;D;20190911;000000;1.1050100;1.1055700;1.0983000;1.1013000;1516413
EURUSD;D;20190912;000000;1.1013400;1.1087300;1.0926000;1.1055800;2392074
EURUSD;D;20190913;000000;1.1056000;1.1109600;1.1055000;1.1071000;1953337
EURUSD;D;20190915;000000;1.1075800;1.1087000;1.1067400;1.1083000;111750
EURUSD;D;20190916;000000;1.1083200;1.1084400;1.0991600;1.1002600;1968706
EURUSD;D;20190917;000000;1.1003100;1.1075700;1.0989000;1.1073700;2090059
EURUSD;D;20190918;000000;1.1073700;1.1075000;1.1012000;1.1029100;2004078
EURUSD;D;20190919;000000;1.1029100;1.1073500;1.1021000;1.1044700;2270874
EURUSD;D;20190920;000000;1.1044600;1.1067800;1.0995000;1.1017000;1965640
EURUSD;D;20190922;000000;1.1011400;1.1020000;1.1008700;1.1017000;62144
EURUSD;D;20190923;000000;1.1018600;1.1025500;1.0964000;1.0993700;1979836
EURUSD;D;20190924;000000;1.0993900;1.1024100;1.0982000;1.1013500;1929195
EURUSD;D;20190925;000000;1.1012600;1.1017000;1.0936000;1.0951200;1975676
EURUSD;D;20190926;000000;1.0951200;1.0967400;1.0907900;1.0921500;1934793
EURUSD;D;20190927;000000;1.0922300;1.0958700;1.0903800;1.0939400;1763903
EURUSD;D;20190929;000000;1.0938500;1.0946300;1.0937500;1.0942200;59350
EURUSD;D;20190930;000000;1.0942100;1.0947800;1.0883900;1.0899300;1793772
EURUSD;D;20191001;000000;1.0899300;1.0942900;1.0878000;1.0933300;2214323
EURUSD;D;20191002;000000;1.0933900;1.0963700;1.0903000;1.0960200;2039789
EURUSD;D;20191003;000000;1.0960200;1.0999400;1.0939000;1.0974100;2115996
EURUSD;D;20191004;000000;1.0974500;1.0999100;1.0956000;1.0975000;1959532
EURUSD;D;20191006;000000;1.0982200;1.0984000;1.0967000;1.0982600;58052
EURUSD;D;20191007;000000;1.0983300;1.1000600;1.0960000;1.0971600;1644165
EURUSD;D;20191008;000000;1.0971600;1.0996100;1.0939000;1.0959100;2070618
EURUSD;D;20191009;000000;1.0959000;1.0990800;1.0953000;1.0984200;1817738
EURUSD;D;20191010;000000;1.0983500;1.1033900;1.0978000;1.1010600;2435435
EURUSD;D;20191011;000000;1.1010600;1.1062800;1.1000000;1.1035600;2505610
EURUSD;D;20191013;000000;1.1044700;1.1045300;1.1024000;1.1027400;156262
EURUSD;D;20191014;000000;1.1027600;1.1042800;1.1011800;1.1026000;1638185
EURUSD;D;20191015;000000;1.1025800;1.1046100;1.0989000;1.1034400;2244612
EURUSD;D;20191016;000000;1.1033700;1.1085600;1.1021000;1.1073700;2393497
EURUSD;D;20191017;000000;1.1073900;1.1139800;1.1063000;1.1123900;2477791
EURUSD;D;20191018;000000;1.1124500;1.1183000;1.1113000;1.1182000;1787405
EURUSD;D;20191020;000000;1.1145000;1.1164700;1.1135000;1.1155800;140724
EURUSD;D;20191021;000000;1.1155600;1.1179500;1.1137600;1.1151700;1570707
EURUSD;D;20191022;000000;1.1150900;1.1157000;1.1116600;1.1129000;1668352
EURUSD;D;20191023;000000;1.1128200;1.1140500;1.1105000;1.1132100;1566257
EURUSD;D;20191024;000000;1.1131000;1.1163000;1.1091000;1.1102300;1938438
EURUSD;D;20191025;000000;1.1102400;1.1123100;1.1071000;1.1079900;1327911
EURUSD;D;20191027;000000;1.1084900;1.1084900;1.1074400;1.1083900;72257
EURUSD;D;20191028;000000;1.1083200;1.1106700;1.1071000;1.1097400;1284547
EURUSD;D;20191029;000000;1.1098200;1.1118500;1.1072000;1.1111000;1485884
EURUSD;D;20191030;000000;1.1112100;1.1155400;1.1078900;1.1152000;1981777
EURUSD;D;20191031;000000;1.1152100;1.1175800;1.1130000;1.1156000;2047868
EURUSD;D;20191101;000000;1.1156000;1.1171900;1.1127000;1.1164000;1637261
EURUSD;D;20191103;000000;1.1164900;1.1170400;1.1161100;1.1166000;40733
EURUSD;D;20191104;000000;1.1166000;1.1175500;1.1120000;1.1127900;1577643
EURUSD;D;20191105;000000;1.1127900;1.1140200;1.1062000;1.1073700;1862528
EURUSD;D;20191106;000000;1.1074000;1.1092900;1.1063000;1.1070100;1519043
EURUSD;D;20191107;000000;1.1069900;1.1091600;1.1034900;1.1052400;2101242
EURUSD;D;20191108;000000;1.1052400;1.1055400;1.1015000;1.1018900;1444945
EURUSD;D;20191110;000000;1.1017400;1.1025500;1.1016700;1.1021800;36164
EURUSD;D;20191111;000000;1.1021800;1.1043100;1.1015000;1.1034500;1110525
EURUSD;D;20191112;000000;1.1034700;1.1038600;1.1001000;1.1011000;1516136
EURUSD;D;20191113;000000;1.1011900;1.1020300;1.0994000;1.1009600;1578986
EURUSD;D;20191114;000000;1.1009300;1.1027500;1.0988000;1.1019300;1559163
EURUSD;D;20191115;000000;1.1019600;1.1057000;1.1013000;1.1051200;1283207
EURUSD;D;20191117;000000;1.1051400;1.1054700;1.1046800;1.1053900;52262
EURUSD;D;20191118;000000;1.1053900;1.1090000;1.1052000;1.1072100;1372789
EURUSD;D;20191119;000000;1.1072300;1.1083900;1.1061000;1.1076900;1301523
EURUSD;D;20191120;000000;1.1078000;1.1081500;1.1051000;1.1077900;1570025
EURUSD;D;20191121;000000;1.1077900;1.1097000;1.1051000;1.1065600;1514361
EURUSD;D;20191122;000000;1.1065300;1.1087600;1.1013000;1.1022000;1552948
EURUSD;D;20191124;000000;1.1024400;1.1025500;1.1012000;1.1022500;64370
EURUSD;D;20191125;000000;1.1022600;1.1032300;1.1002000;1.1009400;1296015
EURUSD;D;20191126;000000;1.1010400;1.1025600;1.1006000;1.1022000;1313746
EURUSD;D;20191127;000000;1.1022000;1.1022300;1.0990000;1.1004900;1344472
EURUSD;D;20191128;000000;1.1005000;1.1018000;1.0999000;1.1011200;912140
EURUSD;D;20191129;000000;1.1011200;1.1028300;1.0980000;1.1017300;1177421
EURUSD;D;20191201;000000;1.1013900;1.1027100;1.1013000;1.1018200;52871
EURUSD;D;20191202;000000;1.1018200;1.1090800;1.1001000;1.1076000;1435371
EURUSD;D;20191203;000000;1.1075800;1.1093600;1.1065000;1.1081800;1397734
EURUSD;D;20191204;000000;1.1081900;1.1116100;1.1065000;1.1082300;1595123
EURUSD;D;20191205;000000;1.1082400;1.1108100;1.1078000;1.1103900;1280625
EURUSD;D;20191206;000000;1.1103900;1.1109700;1.1038000;1.1056400;1240010
EURUSD;D;20191208;000000;1.1054000;1.1061000;1.1053000;1.1058100;36775
EURUSD;D;20191209;000000;1.1058100;1.1078000;1.1052000;1.1064300;1045018
EURUSD;D;20191210;000000;1.1064400;1.1097800;1.1061000;1.1092400;1298474
EURUSD;D;20191211;000000;1.1092200;1.1144900;1.1069000;1.1132700;1515511
EURUSD;D;20191212;000000;1.1132700;1.1199700;1.1101900;1.1183200;2006127
EURUSD;D;20191213;000000;1.1183300;1.1186100;1.1110000;1.1122300;2106514
EURUSD;D;20191215;000000;1.1126100;1.1133000;1.1118000;1.1124300;78081
EURUSD;D;20191216;000000;1.1124300;1.1158200;1.1121000;1.1135500;1304699
EURUSD;D;20191217;000000;1.1135700;1.1174700;1.1128000;1.1151400;1396052
EURUSD;D;20191218;000000;1.1151400;1.1151400;1.1109000;1.1114700;1255477
EURUSD;D;20191219;000000;1.1115500;1.1144300;1.1106000;1.1122800;1361247
EURUSD;D;20191220;000000;1.1123100;1.1123700;1.1065000;1.1075900;1163448
EURUSD;D;20191222;000000;1.1076900;1.1086100;1.1075000;1.1080100;39591
EURUSD;D;20191223;000000;1.1080100;1.1096000;1.1068000;1.1092000;1129363
EURUSD;D;20191224;000000;1.1091600;1.1094000;1.1068000;1.1086600;928805
EURUSD;D;20191225;000000;1.1087300;1.1102300;1.1072000;1.1094400;39039
EURUSD;D;20191226;000000;1.1094400;1.1109000;1.1081000;1.1100300;580540
EURUSD;D;20191227;000000;1.1101100;1.1188400;1.1097000;1.1175400;1432593
EURUSD;D;20191229;000000;1.1178300;1.1184000;1.1169000;1.1180000;61880
EURUSD;D;20191230;000000;1.1181200;1.1221000;1.1179000;1.1201000;1402774
EURUSD;D;20191231;000000;1.1201300;1.1239300;1.1197000;1.1211700;1231743
EURUSD;D;20200101;000000;1.1215400;1.1222100;1.1208000;1.1218800;27509
EURUSD;D;20200102;000000;1.1218800;1.1224500;1.1162000;1.1170600;1344646
EURUSD;D;20200103;000000;1.1170700;1.1180000;1.1123000;1.1159800;1567114
EURUSD;D;20200105;000000;1.1165000;1.1168900;1.1157000;1.1160500;74456
EURUSD;D;20200106;000000;1.1160200;1.1205500;1.1155000;1.1195300;1364748
EURUSD;D;20200107;000000;1.1195400;1.1197100;1.1132000;1.1154000;1610661
EURUSD;D;20200108;000000;1.1154100;1.1168200;1.1100000;1.1112700;2131727
EURUSD;D;20200109;000000;1.1112900;1.1120400;1.1092000;1.1109200;1423627
EURUSD;D;20200110;000000;1.1109300;1.1129200;1.1084000;1.1120000;1299383
EURUSD;D;20200112;000000;1.1117500;1.1122500;1.1110800;1.1116000;34731
EURUSD;D;20200113;000000;1.1116300;1.1147000;1.1111000;1.1134300;1088702
EURUSD;D;20200114;000000;1.1134400;1.1144600;1.1103000;1.1127500;1388450
EURUSD;D;20200115;000000;1.1127600;1.1163400;1.1117000;1.1152200;1269484
EURUSD;D;20200116;000000;1.1152200;1.1172800;1.1127000;1.1136900;1284988
EURUSD;D;20200117;000000;1.1136900;1.1142800;1.1084000;1.1088000;1196211
EURUSD;D;20200119;000000;1.1094400;1.1098100;1.1086000;1.1094500;49939
EURUSD;D;20200120;000000;1.1093700;1.1102400;1.1075000;1.1096200;850945
EURUSD;D;20200121;000000;1.1095900;1.1118100;1.1079000;1.1085100;1302308
EURUSD;D;20200122;000000;1.1085100;1.1098500;1.1069000;1.1095700;1285366
EURUSD;D;20200123;000000;1.1095700;1.1108700;1.1035000;1.1055100;1542362
EURUSD;D;20200124;000000;1.1055200;1.1061700;1.1019000;1.1025100;1316866
EURUSD;D;20200126;000000;1.1023900;1.1037400;1.1022800;1.1024100;166000
EURUSD;D;20200127;000000;1.1024500;1.1037600;1.1008000;1.1018800;1250425
EURUSD;D;20200128;000000;1.1019300;1.1025300;1.0996000;1.1021700;1224167
EURUSD;D;20200129;000000;1.1022000;1.1027700;1.0991000;1.1013700;1262860
EURUSD;D;20200130;000000;1.1013800;1.1039400;1.1005000;1.1028400;1491048
EURUSD;D;20200131;000000;1.1028200;1.1095700;1.1015000;1.1091700;1515167
EURUSD;D;20200202;000000;1.1084600;1.1095000;1.1078800;1.1089100;114784
EURUSD;D;20200203;000000;1.1089100;1.1089100;1.1034500;1.1061000;941276
EURUSD;D;20200204;000000;1.1062000;1.1064200;1.1031000;1.1044600;917686
EURUSD;D;20200205;000000;1.1044300;1.1047900;1.0992000;1.1000400;1341541
EURUSD;D;20200206;000000;1.1000300;1.1014000;1.0963000;1.0980700;1264683
EURUSD;D;20200207;000000;1.0980800;1.0985000;1.0940000;1.0944000;1426180
EURUSD;D;20200209;000000;1.0946700;1.0951400;1.0940100;1.0949000;58558
EURUSD;D;20200210;000000;1.0948400;1.0957500;1.0906700;1.0910100;1227213
EURUSD;D;20200211;000000;1.0910100;1.0924800;1.0890200;1.0918900;1237668
EURUSD;D;20200212;000000;1.0918900;1.0925600;1.0863000;1.0874700;1320244
EURUSD;D;20200213;000000;1.0874700;1.0889000;1.0833000;1.0840300;1312373
EURUSD;D;20200214;000000;1.0841300;1.0861200;1.0825900;1.0830100;1161853
EURUSD;D;20200216;000000;1.0824000;1.0844000;1.0818900;1.0840300;63486
EURUSD;D;20200217;000000;1.0841300;1.0851000;1.0827000;1.0835000;844744
EURUSD;D;20200218;000000;1.0836100;1.0837300;1.0783800;1.0794700;1341478
EURUSD;D;20200219;000000;1.0794700;1.0812000;1.0780000;1.0809600;1285243
EURUSD;D;20200220;000000;1.0808200;1.0821100;1.0776500;1.0787500;1517435
EURUSD;D;20200221;000000;1.0786700;1.0863500;1.0785000;1.0847100;1466565
EURUSD;D;20200223;000000;1.0846000;1.0848300;1.0809000;1.0838500;121783
EURUSD;D;20200224;000000;1.0838600;1.0872200;1.0804000;1.0848700;1776645
EURUSD;D;20200225;000000;1.0848300;1.0890200;1.0828000;1.0879500;1780873
EURUSD;D;20200226;000000;1.0879700;1.0908700;1.0854000;1.0886200;1937852
EURUSD;D;20200227;000000;1.0886400;1.1006600;1.0883000;1.0996300;2073950
EURUSD;D;20200228;000000;1.0996500;1.1053100;1.0948900;1.1028900;2382305
EURUSD;D;20200301;000000;1.1012400;1.1073900;1.1009900;1.1051700;113544
EURUSD;D;20200302;000000;1.1050200;1.1184600;1.1034200;1.1144300;2869421
EURUSD;D;20200303;000000;1.1143400;1.1212900;1.1094000;1.1176500;2229928
EURUSD;D;20200304;000000;1.1175600;1.1187600;1.1094000;1.1138000;2043148
EURUSD;D;20200305;000000;1.1138200;1.1245000;1.1118000;1.1222500;2002107
EURUSD;D;20200306;000000;1.1222600;1.1354800;1.1210400;1.1285000;2652440
EURUSD;D;20200308;000000;1.1290000;1.1396500;1.1290000;1.1386800;296701
EURUSD;D;20200309;000000;1.1387700;1.1496100;1.1354800;1.1399100;3642665
EURUSD;D;20200310;000000;1.1399000;1.1425300;1.1273300;1.1313600;3408687
EURUSD;D;20200311;000000;1.1313700;1.1366700;1.1249000;1.1260500;2503228
EURUSD;D;20200312;000000;1.1261100;1.1333600;1.1053600;1.1182200;3270007
EURUSD;D;20200313;000000;1.1182300;1.1221300;1.1053300;1.1105000;3346280
EURUSD;D;20200315;000000;1.1098000;1.1199500;1.1047000;1.1155400;481148
EURUSD;D;20200316;000000;1.1153600;1.1236700;1.1082300;1.1163600;5165142
EURUSD;D;20200317;000000;1.1163500;1.1189300;1.0952500;1.1016100;4158711
EURUSD;D;20200318;000000;1.1015300;1.1045400;1.0800000;1.0943000;4634911
EURUSD;D;20200319;000000;1.0943300;1.0949200;1.0652000;1.0654100;4645624
EURUSD;D;20200320;000000;1.0654000;1.0831000;1.0635800;1.0692900;5198445
EURUSD;D;20200322;000000;1.0690000;1.0712000;1.0633000;1.0688300;480482
EURUSD;D;20200323;000000;1.0686800;1.0828200;1.0656000;1.0763200;4417041
EURUSD;D;20200324;000000;1.0761200;1.0888100;1.0743900;1.0797800;3949246
EURUSD;D;20200325;000000;1.0798200;1.0894000;1.0758000;1.0888000;3693649
EURUSD;D;20200326;000000;1.0887700;1.1058900;1.0872500;1.1046900;3336104
EURUSD;D;20200327;000000;1.1047400;1.1147300;1.0951900;1.1140000;3301140
EURUSD;D;20200329;000000;1.1140000;1.1144400;1.1103600;1.1136100;149503
EURUSD;D;20200330;000000;1.1136300;1.1138500;1.1008000;1.1029200;2784462
EURUSD;D;20200331;000000;1.1028700;1.1043000;1.0924600;1.1026300;3126786
EURUSD;D;20200401;000000;1.1025700;1.1036200;1.0900900;1.0950000;2565342
EURUSD;D;20200402;000000;1.0951500;1.0964500;1.0819000;1.0845600;2537644
EURUSD;D;20200403;000000;1.0845900;1.0855300;1.0770900;1.0812400;2451479
EURUSD;D;20200405;000000;1.0820000;1.0821800;1.0801500;1.0804700;179033
EURUSD;D;20200406;000000;1.0805200;1.0835600;1.0767500;1.0798900;2332219
EURUSD;D;20200407;000000;1.0798400;1.0926600;1.0788400;1.0893100;2309629
EURUSD;D;20200408;000000;1.0893200;1.0897000;1.0827800;1.0859600;2222851
EURUSD;D;20200409;000000;1.0859600;1.0951700;1.0839000;1.0922300;2099473
EURUSD;D;20200410;000000;1.0922800;1.0952700;1.0917000;1.0928600;950639
EURUSD;D;20200412;000000;1.0943000;1.0950000;1.0929000;1.0930800;88021
EURUSD;D;20200413;000000;1.0931500;1.0967900;1.0890800;1.0919400;1544002
EURUSD;D;20200414;000000;1.0919400;1.0990800;1.0913000;1.0982000;1891527
EURUSD;D;20200415;000000;1.0982700;1.0987300;1.0855000;1.0903700;2008548
EURUSD;D;20200416;000000;1.0903700;1.0907300;1.0815000;1.0857000;2277694
EURUSD;D;20200417;000000;1.0858400;1.0892700;1.0810000;1.0873500;1920248
EURUSD;D;20200419;000000;1.0848000;1.0878000;1.0848000;1.0863300;88930
EURUSD;D;20200420;000000;1.0863200;1.0896900;1.0839600;1.0863600;1806505
EURUSD;D;20200421;000000;1.0862300;1.0880300;1.0814800;1.0855300;1848461
EURUSD;D;20200422;000000;1.0856200;1.0885300;1.0801600;1.0806300;1615208
EURUSD;D;20200423;000000;1.0805000;1.0846800;1.0753900;1.0773500;2030924
EURUSD;D;20200424;000000;1.0773800;1.0829600;1.0725000;1.0824200;1784527
EURUSD;D;20200426;000000;1.0822000;1.0824200;1.0807000;1.0820000;67061
EURUSD;D;20200427;000000;1.0819300;1.0860400;1.0810000;1.0824100;1770965
EURUSD;D;20200428;000000;1.0824400;1.0888500;1.0807500;1.0831400;1782139
EURUSD;D;20200429;000000;1.0832500;1.0885700;1.0828900;1.0875800;1866845
EURUSD;D;20200430;000000;1.0877300;1.0972800;1.0831400;1.0943900;2080051
EURUSD;D;20200501;000000;1.0944800;1.1019000;1.0933000;1.0979800;1539674
EURUSD;D;20200503;000000;1.0978000;1.0978000;1.0952000;1.0960800;96397
EURUSD;D;20200504;000000;1.0960800;1.0961000;1.0894000;1.0902300;1700428
EURUSD;D;20200505;000000;1.0903100;1.0926000;1.0823800;1.0838300;1770081
EURUSD;D;20200506;000000;1.0838700;1.0844000;1.0780000;1.0797800;1731174
EURUSD;D;20200507;000000;1.0797100;1.0841000;1.0764000;1.0834800;1887936
EURUSD;D;20200508;000000;1.0835100;1.0875700;1.0813600;1.0837900;1403786
EURUSD;D;20200510;000000;1.0839000;1.0839600;1.0820500;1.0837600;82012
EURUSD;D;20200511;000000;1.0837600;1.0850500;1.0799000;1.0808100;1692565
EURUSD;D;20200512;000000;1.0809400;1.0885200;1.0782700;1.0845300;1573393
EURUSD;D;20200513;000000;1.0845200;1.0896500;1.0810000;1.0820700;1816610
EURUSD;D;20200514;000000;1.0821100;1.0824000;1.0773000;1.0805600;1696707
EURUSD;D;20200515;000000;1.0804900;1.0851200;1.0787500;1.0817900;1528162
EURUSD;D;20200517;000000;1.0838000;1.0838000;1.0806000;1.0818500;72782
EURUSD;D;20200518;000000;1.0818700;1.0927000;1.0798000;1.0913700;1630550
EURUSD;D;20200519;000000;1.0913900;1.0976100;1.0900600;1.0926000;1629331
EURUSD;D;20200520;000000;1.0925000;1.0999000;1.0923900;1.0978900;1517967
EURUSD;D;20200521;000000;1.0978200;1.1008500;1.0935800;1.0949000;1563571
EURUSD;D;20200522;000000;1.0948700;1.0956000;1.0883900;1.0900000;1362858
EURUSD;D;20200524;000000;1.0898000;1.0908300;1.0888000;1.0907700;55313
EURUSD;D;20200525;000000;1.0907900;1.0914500;1.0869000;1.0901400;952692
EURUSD;D;20200526;000000;1.0900700;1.0996000;1.0895000;1.0978000;1551499
EURUSD;D;20200527;000000;1.0978000;1.1030900;1.0932400;1.1016400;2265545
EURUSD;D;20200528;000000;1.1016600;1.1093600;1.0990000;1.1077800;2074524
EURUSD;D;20200529;000000;1.1077600;1.1145200;1.1068000;1.1106900;2358032
EURUSD;D;20200531;000000;1.1105000;1.1122000;1.1101400;1.1115000;97966
EURUSD;D;20200601;000000;1.1115800;1.1154100;1.1099000;1.1125000;2048212
EURUSD;D;20200602;000000;1.1124400;1.1196000;1.1113000;1.1184000;2346591
EURUSD;D;20200603;000000;1.1183100;1.1257900;1.1177600;1.1233600;2519181
EURUSD;D;20200604;000000;1.1234800;1.1362700;1.1193000;1.1335300;2793018
EURUSD;D;20200605;000000;1.1334000;1.1384000;1.1276000;1.1287300;2573441
EURUSD;D;20200607;000000;1.1271000;1.1319800;1.1271000;1.1315200;88565
EURUSD;D;20200608;000000;1.1315700;1.1318600;1.1266000;1.1303000;2152843
EURUSD;D;20200609;000000;1.1303100;1.1363800;1.1239000;1.1331000;2516099
EURUSD;D;20200610;000000;1.1331600;1.1422500;1.1320500;1.1366500;2821155
EURUSD;D;20200611;000000;1.1366700;1.1403700;1.1285000;1.1286500;3285237
EURUSD;D;20200612;000000;1.1287600;1.1340600;1.1211000;1.1260100;2897746
EURUSD;D;20200614;000000;1.1248000;1.1258700;1.1225000;1.1251400;159708
EURUSD;D;20200615;000000;1.1251400;1.1338400;1.1225000;1.1337300;3251692
EURUSD;D;20200616;000000;1.1335700;1.1353400;1.1226000;1.1263100;2713734
EURUSD;D;20200617;000000;1.1265000;1.1293900;1.1205000;1.1241600;2535380
EURUSD;D;20200618;000000;1.1242000;1.1261400;1.1184000;1.1207200;2375855
EURUSD;D;20200619;000000;1.1207200;1.1254400;1.1166000;1.1176000;2234771
EURUSD;D;20200621;000000;1.1190000;1.1194000;1.1167000;1.1176400;93933
EURUSD;D;20200622;000000;1.1176500;1.1281000;1.1172000;1.1277800;1979244
EURUSD;D;20200623;000000;1.1277600;1.1348600;1.1231000;1.1312400;2482232
EURUSD;D;20200624;000000;1.1312100;1.1325800;1.1246000;1.1249700;2216060
EURUSD;D;20200625;000000;1.1249500;1.1259700;1.1189000;1.1216300;2372964
EURUSD;D;20200626;000000;1.1217000;1.1239400;1.1193600;1.1217600;1726314
EURUSD;D;20200628;000000;1.1224000;1.1228100;1.1215500;1.1221600;66314
EURUSD;D;20200629;000000;1.1221700;1.1287900;1.1217000;1.1246600;1890889
EURUSD;D;20200630;000000;1.1245800;1.1262000;1.1188500;1.1233000;2019160
EURUSD;D;20200701;000000;1.1233200;1.1275200;1.1182900;1.1250000;2039640
EURUSD;D;20200702;000000;1.1251200;1.1302700;1.1221500;1.1237200;2027183
EURUSD;D;20200703;000000;1.1237700;1.1251800;1.1217800;1.1246400;1593206
EURUSD;D;20200705;000000;1.1243000;1.1249500;1.1240300;1.1246500;44477
EURUSD;D;20200706;000000;1.1245700;1.1345500;1.1245000;1.1311500;1821624
EURUSD;D;20200707;000000;1.1312100;1.1332600;1.1256900;1.1273600;1992425
EURUSD;D;20200708;000000;1.1274100;1.1351800;1.1260600;1.1336900;1908772
EURUSD;D;20200709;000000;1.1337100;1.1370600;1.1278800;1.1287100;2221779
EURUSD;D;20200710;000000;1.1288200;1.1325000;1.1253000;1.1297300;1796583
EURUSD;D;20200712;000000;1.1299000;1.1317400;1.1297000;1.1308600;76350
EURUSD;D;20200713;000000;1.1307300;1.1374900;1.1299000;1.1343800;1604320
EURUSD;D;20200714;000000;1.1344500;1.1411600;1.1322900;1.1408000;1987211
EURUSD;D;20200715;000000;1.1410600;1.1452000;1.1389000;1.1416800;1806871
EURUSD;D;20200716;000000;1.1417000;1.1441800;1.1369000;1.1387800;1963818
EURUSD;D;20200717;000000;1.1387000;1.1443700;1.1376000;1.1425300;1433588
EURUSD;D;20200719;000000;1.1402000;1.1445700;1.1402000;1.1441200;83815
EURUSD;D;20200720;000000;1.1441700;1.1467700;1.1401000;1.1454900;1542749
EURUSD;D;20200721;000000;1.1455400;1.1542300;1.1421000;1.1534100;1593958
EURUSD;D;20200722;000000;1.1533300;1.1601500;1.1504900;1.1563600;1805744
EURUSD;D;20200723;000000;1.1564000;1.1627200;1.1538900;1.1594500;1706275
EURUSD;D;20200724;000000;1.1595200;1.1658100;1.1579600;1.1656000;1665407
EURUSD;D;20200726;000000;1.1651000;1.1656000;1.1638000;1.1648700;114587
EURUSD;D;20200727;000000;1.1649700;1.1781500;1.1648000;1.1768200;1866105
EURUSD;D;20200728;000000;1.1768200;1.1773700;1.1697000;1.1718000;1829011
EURUSD;D;20200729;000000;1.1718100;1.1806400;1.1712000;1.1780700;1781041
EURUSD;D;20200730;000000;1.1779400;1.1876400;1.1728800;1.1871700;1975315
EURUSD;D;20200731;000000;1.1872000;1.1908800;1.1760000;1.1771000;2134794
EURUSD;D;20200802;000000;1.1779000;1.1796800;1.1770000;1.1780200;87682
EURUSD;D;20200803;000000;1.1780600;1.1788900;1.1694000;1.1760300;1782012
EURUSD;D;20200804;000000;1.1760400;1.1815000;1.1720000;1.1813300;1776005
EURUSD;D;20200805;000000;1.1813400;1.1904900;1.1798000;1.1872000;1620524
EURUSD;D;20200806;000000;1.1871800;1.1916200;1.1816900;1.1874500;1892537
EURUSD;D;20200807;000000;1.1875500;1.1882000;1.1754000;1.1787000;1841228
EURUSD;D;20200809;000000;1.1783000;1.1792000;1.1772000;1.1781000;70010
EURUSD;D;20200810;000000;1.1780200;1.1800700;1.1734000;1.1735100;1422427
EURUSD;D;20200811;000000;1.1736100;1.1808000;1.1720000;1.1734700;1819421
EURUSD;D;20200812;000000;1.1734500;1.1817100;1.1709000;1.1793800;1812639
EURUSD;D;20200813;000000;1.1793000;1.1864200;1.1792000;1.1815300;1673634
EURUSD;D;20200814;000000;1.1815300;1.1850400;1.1780000;1.1840800;1414842
EURUSD;D;20200816;000000;1.1839000;1.1853000;1.1831300;1.1851700;51286
EURUSD;D;20200817;000000;1.1852000;1.1881000;1.1827000;1.1874500;1314313
EURUSD;D;20200818;000000;1.1874500;1.1965600;1.1872000;1.1946200;1623685
EURUSD;D;20200819;000000;1.1946300;1.1952700;1.1829000;1.1843600;1753928
EURUSD;D;20200820;000000;1.1843300;1.1871100;1.1801000;1.1869600;1784659
EURUSD;D;20200821;000000;1.1868400;1.1882900;1.1753000;1.1795800;1547292
EURUSD;D;20200823;000000;1.1796000;1.1806800;1.1787500;1.1797300;62670
EURUSD;D;20200824;000000;1.1798300;1.1849600;1.1782000;1.1792600;1371431
EURUSD;D;20200825;000000;1.1793200;1.1843900;1.1782000;1.1833900;1542067
EURUSD;D;20200826;000000;1.1833100;1.1840600;1.1771000;1.1839100;1477071
EURUSD;D;20200827;000000;1.1839300;1.1901900;1.1761000;1.1820400;2123516
EURUSD;D;20200828;000000;1.1820000;1.1919700;1.1809000;1.1900800;1842247
EURUSD;D;20200830;000000;1.1904200;1.1920200;1.1897900;1.1917200;82240
EURUSD;D;20200831;000000;1.1916000;1.1966100;1.1883000;1.1935700;1548082
EURUSD;D;20200901;000000;1.1936500;1.2011400;1.1900000;1.1922300;1983008
EURUSD;D;20200902;000000;1.1921500;1.1924100;1.1821000;1.1845200;1808247
EURUSD;D;20200903;000000;1.1845000;1.1864600;1.1787000;1.1840700;1868807
EURUSD;D;20200904;000000;1.1840400;1.1865400;1.1779000;1.1838900;1905212
EURUSD;D;20200906;000000;1.1839000;1.1850600;1.1832000;1.1834200;62015
EURUSD;D;20200907;000000;1.1833700;1.1848700;1.1808600;1.1818800;1099712
EURUSD;D;20200908;000000;1.1818300;1.1827600;1.1755900;1.1766500;1909609
EURUSD;D;20200909;000000;1.1765900;1.1834200;1.1751000;1.1803500;1728385
EURUSD;D;20200910;000000;1.1802700;1.1917500;1.1799000;1.1823100;2067261
EURUSD;D;20200911;000000;1.1822300;1.1874200;1.1822000;1.1845300;1455300
EURUSD;D;20200913;000000;1.1832000;1.1847500;1.1832000;1.1840500;49293
EURUSD;D;20200914;000000;1.1840300;1.1888000;1.1831000;1.1866100;1244511
EURUSD;D;20200915;000000;1.1867100;1.1900500;1.1838000;1.1841100;1360881
EURUSD;D;20200916;000000;1.1841600;1.1882600;1.1786000;1.1804300;1834491
EURUSD;D;20200917;000000;1.1804300;1.1856100;1.1736000;1.1847000;1910086
EURUSD;D;20200918;000000;1.1846300;1.1870500;1.1825000;1.1839000;1455060
EURUSD;D;20200920;000000;1.1840000;1.1850000;1.1838700;1.1845600;66879
EURUSD;D;20200921;000000;1.1845000;1.1871900;1.1730000;1.1762900;1869222
EURUSD;D;20200922;000000;1.1762500;1.1771600;1.1690000;1.1704000;1931375
EURUSD;D;20200923;000000;1.1705300;1.1719000;1.1648000;1.1655700;1877347
EURUSD;D;20200924;000000;1.1655700;1.1687000;1.1625000;1.1673600;1894519
EURUSD;D;20200925;000000;1.1673400;1.1685100;1.1611000;1.1630000;1586949
EURUSD;D;20200927;000000;1.1633000;1.1637900;1.1613100;1.1634100;58047
EURUSD;D;20200928;000000;1.1634200;1.1680000;1.1613000;1.1676100;1460032
EURUSD;D;20200929;000000;1.1675900;1.1745800;1.1663000;1.1741400;1472903
EURUSD;D;20200930;000000;1.1741400;1.1755000;1.1683000;1.1723200;1945169
EURUSD;D;20201001;000000;1.1723000;1.1769600;1.1715000;1.1743000;1868247
EURUSD;D;20201002;000000;1.1743000;1.1744600;1.1694000;1.1716000;1993058
EURUSD;D;20201004;000000;1.1710200;1.1720100;1.1704600;1.1719100;74202
EURUSD;D;20201005;000000;1.1718600;1.1797500;1.1716000;1.1788000;1866521
EURUSD;D;20201006;000000;1.1788800;1.1807700;1.1729000;1.1736000;2452362
EURUSD;D;20201007;000000;1.1736900;1.1782000;1.1723000;1.1765000;2109611
EURUSD;D;20201008;000000;1.1764800;1.1781800;1.1731000;1.1766400;1799457
EURUSD;D;20201009;000000;1.1766200;1.1831000;1.1755700;1.1826000;1741669
EURUSD;D;20201011;000000;1.1805800;1.1823200;1.1795800;1.1814000;88109
EURUSD;D;20201012;000000;1.1814900;1.1826800;1.1785000;1.1812700;1488529
EURUSD;D;20201013;000000;1.1812700;1.1814000;1.1728000;1.1742000;1834867
EURUSD;D;20201014;000000;1.1742100;1.1771000;1.1718400;1.1744300;1897354
EURUSD;D;20201015;000000;1.1744400;1.1757800;1.1687000;1.1705500;1969607
EURUSD;D;20201016;000000;1.1705500;1.1746200;1.1692000;1.1715800;1819439
EURUSD;D;20201018;000000;1.1715800;1.1722900;1.1709900;1.1714000;67556
EURUSD;D;20201019;000000;1.1714200;1.1793800;1.1701000;1.1768200;1750575
EURUSD;D;20201020;000000;1.1768200;1.1840800;1.1758000;1.1828700;1756540
EURUSD;D;20201021;000000;1.1828800;1.1880700;1.1827000;1.1850700;2085573
EURUSD;D;20201022;000000;1.1851400;1.1866900;1.1810000;1.1813000;1751472
EURUSD;D;20201023;000000;1.1814600;1.1865000;1.1785000;1.1859000;1619079
EURUSD;D;20201025;000000;1.1858000;1.1859900;1.1838000;1.1847800;99347
EURUSD;D;20201026;000000;1.1847900;1.1850700;1.1801000;1.1808900;1400909
EURUSD;D;20201027;000000;1.1808900;1.1838800;1.1768000;1.1780000;1318316
EURUSD;D;20201028;000000;1.1781600;1.1788000;1.1716000;1.1747300;1565690
EURUSD;D;20201029;000000;1.1748000;1.1758800;1.1648000;1.1678100;1691394
EURUSD;D;20201030;000000;1.1677800;1.1704300;1.1638000;1.1645900;1596793
EURUSD;D;20201101;000000;1.1638000;1.1651200;1.1637000;1.1641200;45036
EURUSD;D;20201102;000000;1.1641200;1.1656000;1.1621000;1.1640400;1324958
EURUSD;D;20201103;000000;1.1640400;1.1764100;1.1635000;1.1760000;1314485
EURUSD;D;20201104;000000;1.1761300;1.1771000;1.1601600;1.1731900;2655315
EURUSD;D;20201105;000000;1.1732100;1.1859800;1.1709000;1.1816500;2032038
EURUSD;D;20201106;000000;1.1816600;1.1891000;1.1794000;1.1874500;1823602
EURUSD;D;20201108;000000;1.1875000;1.1895000;1.1875000;1.1892200;61026
EURUSD;D;20201109;000000;1.1892300;1.1920100;1.1794000;1.1823100;1966090
EURUSD;D;20201110;000000;1.1824100;1.1843300;1.1778000;1.1818300;1925992
EURUSD;D;20201111;000000;1.1818300;1.1832700;1.1744000;1.1779200;1332860
EURUSD;D;20201112;000000;1.1779300;1.1823200;1.1757000;1.1804000;1464454
EURUSD;D;20201113;000000;1.1803200;1.1837500;1.1797000;1.1832000;1314209
EURUSD;D;20201115;000000;1.1809000;1.1848900;1.1809000;1.1844500;47646
EURUSD;D;20201116;000000;1.1844700;1.1869000;1.1812000;1.1858300;1753887
EURUSD;D;20201117;000000;1.1859100;1.1894000;1.1841600;1.1863400;1540944
EURUSD;D;20201118;000000;1.1863600;1.1891100;1.1843000;1.1845000;1410443
EURUSD;D;20201119;000000;1.1844700;1.1882600;1.1814000;1.1865300;1685295
EURUSD;D;20201120;000000;1.1865100;1.1890800;1.1848000;1.1855000;1460893
EURUSD;D;20201122;000000;1.1858000;1.1866100;1.1850700;1.1865400;41601
EURUSD;D;20201123;000000;1.1865700;1.1906100;1.1798900;1.1842100;1573624
EURUSD;D;20201124;000000;1.1842100;1.1898000;1.1837000;1.1896000;1657499
EURUSD;D;20201125;000000;1.1897300;1.1929700;1.1880000;1.1916400;1886569
EURUSD;D;20201126;000000;1.1916500;1.1940900;1.1884000;1.1910000;1091186
EURUSD;D;20201127;000000;1.1910900;1.1964100;1.1908000;1.1963000;1254555
EURUSD;D;20201129;000000;1.1956800;1.1973900;1.1956700;1.1971500;47812
EURUSD;D;20201130;000000;1.1972100;1.2003300;1.1921700;1.1937000;1794767
EURUSD;D;20201201;000000;1.1937200;1.2076700;1.1934000;1.2069700;1857767
EURUSD;D;20201202;000000;1.2070500;1.2118500;1.2038000;1.2113000;1984736
EURUSD;D;20201203;000000;1.2113800;1.2174600;1.2099000;1.2144500;1666064
EURUSD;D;20201204;000000;1.2144900;1.2177500;1.2109000;1.2120000;1629804
EURUSD;D;20201206;000000;1.2113000;1.2133100;1.2112200;1.2120000;48620
EURUSD;D;20201207;000000;1.2119000;1.2166300;1.2077000;1.2109000;1572972
EURUSD;D;20201208;000000;1.2108500;1.2134000;1.2094000;1.2109000;1555592
EURUSD;D;20201209;000000;1.2109400;1.2147500;1.2057000;1.2077800;1485437
EURUSD;D;20201210;000000;1.2078500;1.2159000;1.2077000;1.2142400;1815644
EURUSD;D;20201211;000000;1.2142400;1.2163000;1.2103000;1.2111000;1476904
EURUSD;D;20201213;000000;1.2114000;1.2143500;1.2110000;1.2132200;47304
EURUSD;D;20201214;000000;1.2132800;1.2176800;1.2114000;1.2148500;1354739
EURUSD;D;20201215;000000;1.2147700;1.2168900;1.2119400;1.2154300;1412322
EURUSD;D;20201216;000000;1.2154200;1.2212300;1.2123800;1.2195200;1614734
EURUSD;D;20201217;000000;1.2196200;1.2272800;1.2188900;1.2260700;1467566
EURUSD;D;20201218;000000;1.2261500;1.2268800;1.2224000;1.2255000;1327798
EURUSD;D;20201220;000000;1.2252000;1.2252000;1.2210000;1.2210000;53516
EURUSD;D;20201221;000000;1.2211800;1.2253100;1.2128000;1.2234400;1801687
EURUSD;D;20201222;000000;1.2234800;1.2257100;1.2150000;1.2186100;1692661
EURUSD;D;20201223;000000;1.2186900;1.2221000;1.2152000;1.2193900;1755140
EURUSD;D;20201224;000000;1.2194100;1.2215700;1.2173200;1.2183200;1005339
EURUSD;D;20201225;000000;1.2181600;1.2205000;1.2161000;1.2183200;19151
EURUSD;D;20201227;000000;1.2189000;1.2207300;1.2179400;1.2202900;43701
EURUSD;D;20201228;000000;1.2202900;1.2250400;1.2180000;1.2219400;1475840
EURUSD;D;20201229;000000;1.2218600;1.2275300;1.2217000;1.2252000;1456193
EURUSD;D;20201230;000000;1.2252100;1.2310100;1.2250000;1.2297600;1611174
EURUSD;D;20201231;000000;1.2298200;1.2309300;1.2207000;1.2213800;1372562
EURUSD;D;20210101;000000;1.2213800;1.2213800;1.2213800;1.2213800;16438
EURUSD;D;20210103;000000;1.2240900;1.2252700;1.2229000;1.2249900;74605
EURUSD;D;20210104;000000;1.2249600;1.2309900;1.2237000;1.2252300;2055572
EURUSD;D;20210105;000000;1.2252700;1.2305700;1.2246000;1.2297700;1889008
EURUSD;D;20210106;000000;1.2298700;1.2349500;1.2264000;1.2338000;2648583
EURUSD;D;20210107;000000;1.2337800;1.2344500;1.2243000;1.2268000;2130798
EURUSD;D;20210108;000000;1.2269000;1.2284800;1.2191000;1.2219300;2284057
EURUSD;D;20210110;000000;1.2218000;1.2228400;1.2181000;1.2187100;71401
EURUSD;D;20210111;000000;1.2186300;1.2199800;1.2131000;1.2159000;1909816
EURUSD;D;20210112;000000;1.2160600;1.2209700;1.2135000;1.2208300;1861765
EURUSD;D;20210113;000000;1.2207800;1.2222900;1.2138000;1.2161700;1754699
EURUSD;D;20210114;000000;1.2161900;1.2178500;1.2110000;1.2150500;1781316
EURUSD;D;20210115;000000;1.2150500;1.2162500;1.2072000;1.2074900;1698711
EURUSD;D;20210117;000000;1.2083100;1.2088200;1.2065000;1.2065500;68727
EURUSD;D;20210118;000000;1.2066400;1.2086900;1.2052000;1.2076900;1313389
EURUSD;D;20210119;000000;1.2077800;1.2145000;1.2075000;1.2139100;1553945
EURUSD;D;20210120;000000;1.2138900;1.2158200;1.2075000;1.2114500;1708622
EURUSD;D;20210121;000000;1.2114500;1.2173200;1.2107000;1.2165300;1730773
EURUSD;D;20210122;000000;1.2165400;1.2189600;1.2150000;1.2170200;1599837
EURUSD;D;20210124;000000;1.2169700;1.2171600;1.2160300;1.2167000;41410
EURUSD;D;20210125;000000;1.2166700;1.2183300;1.2114000;1.2142600;1851771
EURUSD;D;20210126;000000;1.2142500;1.2176000;1.2106000;1.2162500;1746069
EURUSD;D;20210127;000000;1.2163300;1.2169800;1.2057000;1.2102000;2239676
EURUSD;D;20210128;000000;1.2102800;1.2142400;1.2079000;1.2119800;2348973
EURUSD;D;20210129;000000;1.2120800;1.2156000;1.2092000;1.2136200;2335818
EURUSD;D;20210131;000000;1.2132000;1.2142200;1.2119000;1.2122700;82551
EURUSD;D;20210201;000000;1.2122700;1.2136500;1.2053000;1.2067700;2019703
EURUSD;D;20210202;000000;1.2067700;1.2087800;1.2010000;1.2036000;1862755
EURUSD;D;20210203;000000;1.2036800;1.2050200;1.2002000;1.2041000;1406126
EURUSD;D;20210204;000000;1.2041300;1.2043000;1.1956000;1.1965600;1455889
EURUSD;D;20210205;000000;1.1966300;1.2050000;1.1951000;1.2047600;1252436
EURUSD;D;20210207;000000;1.2046000;1.2055100;1.2032700;1.2048400;62882
EURUSD;D;20210208;000000;1.2048400;1.2066000;1.2018000;1.2051000;1135262
EURUSD;D;20210209;000000;1.2052200;1.2122000;1.2048000;1.2115600;948341
EURUSD;D;20210210;000000;1.2115800;1.2144100;1.2107000;1.2119100;1347315
EURUSD;D;20210211;000000;1.2117900;1.2149500;1.2111000;1.2129700;1071790
EURUSD;D;20210212;000000;1.2129700;1.2133200;1.2080000;1.2119000;1064696
EURUSD;D;20210214;000000;1.2098000;1.2125300;1.2091000;1.2120200;40138
EURUSD;D;20210215;000000;1.2120400;1.2145200;1.2115000;1.2131900;859406
EURUSD;D;20210216;000000;1.2131200;1.2169500;1.2084000;1.2087800;1349738
EURUSD;D;20210217;000000;1.2088200;1.2098500;1.2021000;1.2044400;1397992
EURUSD;D;20210218;000000;1.2045200;1.2095800;1.2034000;1.2090800;1264105
EURUSD;D;20210219;000000;1.2091800;1.2144500;1.2080000;1.2116700;1196032
EURUSD;D;20210221;000000;1.2111400;1.2129200;1.2111400;1.2124600;45934
EURUSD;D;20210222;000000;1.2123700;1.2169500;1.2089000;1.2162800;1393701
EURUSD;D;20210223;000000;1.2163700;1.2180100;1.2133000;1.2150500;1386454
EURUSD;D;20210224;000000;1.2149800;1.2174700;1.2107000;1.2168500;1754442
EURUSD;D;20210225;000000;1.2169400;1.2243200;1.2154000;1.2157400;2186811
EURUSD;D;20210226;000000;1.2157500;1.2182600;1.2060000;1.2071000;2459503
EURUSD;D;20210228;000000;1.2068000;1.2092000;1.2066500;1.2090400;65299
EURUSD;D;20210301;000000;1.2090200;1.2101200;1.2026000;1.2048500;1573284
EURUSD;D;20210302;000000;1.2047700;1.2094500;1.1990000;1.2084900;1630822
EURUSD;D;20210303;000000;1.2084100;1.2113300;1.2041000;1.2046400;1639801
EURUSD;D;20210304;000000;1.2046300;1.2063200;1.1959000;1.1967200;2025842
EURUSD;D;20210305;000000;1.1967200;1.1968700;1.1892000;1.1911000;2081281
EURUSD;D;20210307;000000;1.1912800;1.1932100;1.1912000;1.1925900;67199
EURUSD;D;20210308;000000;1.1925300;1.1932400;1.1842000;1.1850300;1764002
EURUSD;D;20210309;000000;1.1850800;1.1915800;1.1834000;1.1896900;1718099
EURUSD;D;20210310;000000;1.1896800;1.1930000;1.1867000;1.1924200;1585964
EURUSD;D;20210311;000000;1.1924200;1.1990000;1.1914000;1.1980800;1567034
EURUSD;D;20210312;000000;1.1980900;1.1988500;1.1908000;1.1951600;1452230
EURUSD;D;20210314;000000;1.1938000;1.1954400;1.1938000;1.1949300;66758
EURUSD;D;20210315;000000;1.1949900;1.1967500;1.1909000;1.1925400;1230337
EURUSD;D;20210316;000000;1.1926400;1.1951900;1.1881000;1.1901600;1263439
EURUSD;D;20210317;000000;1.1901300;1.1987500;1.1884000;1.1982600;1365070
EURUSD;D;20210318;000000;1.1982200;1.1988900;1.1904000;1.1917400;1598470
EURUSD;D;20210319;000000;1.1916900;1.1937200;1.1872000;1.1904000;1316586
EURUSD;D;20210321;000000;1.1903200;1.1903200;1.1870000;1.1883500;64404
EURUSD;D;20210322;000000;1.1883600;1.1947000;1.1873000;1.1932000;1208735
EURUSD;D;20210323;000000;1.1932200;1.1940900;1.1835000;1.1839600;1236944
EURUSD;D;20210324;000000;1.1839600;1.1851000;1.1807000;1.1811900;1016819
EURUSD;D;20210325;000000;1.1812700;1.1827800;1.1760000;1.1774700;1090291
EURUSD;D;20210326;000000;1.1775500;1.1805300;1.1770000;1.1792800;844396
EURUSD;D;20210328;000000;1.1793000;1.1793700;1.1784000;1.1787400;42856
EURUSD;D;20210329;000000;1.1787500;1.1794000;1.1759000;1.1767000;941706
EURUSD;D;20210330;000000;1.1767700;1.1774000;1.1710000;1.1723200;914036
EURUSD;D;20210331;000000;1.1723100;1.1759800;1.1702000;1.1726800;994216
EURUSD;D;20210401;000000;1.1726200;1.1782700;1.1711000;1.1777200;975967
EURUSD;D;20210402;000000;1.1776900;1.1786700;1.1747000;1.1761000;483927
EURUSD;D;20210404;000000;1.1734000;1.1767900;1.1734000;1.1766600;57371
EURUSD;D;20210405;000000;1.1767500;1.1819500;1.1736000;1.1816700;629140
EURUSD;D;20210406;000000;1.1815900;1.1877600;1.1794000;1.1873600;949743
EURUSD;D;20210407;000000;1.1873700;1.1914800;1.1859000;1.1872400;1049003
EURUSD;D;20210408;000000;1.1872300;1.1927500;1.1859000;1.1914500;1129944
EURUSD;D;20210409;000000;1.1915100;1.1920100;1.1866000;1.1900800;1068399
EURUSD;D;20210411;000000;1.1897000;1.1904100;1.1887700;1.1895300;48575
EURUSD;D;20210412;000000;1.1895800;1.1919200;1.1869000;1.1911800;1044590
EURUSD;D;20210413;000000;1.1911600;1.1956000;1.1876200;1.1953700;1231123
EURUSD;D;20210414;000000;1.1952000;1.1987400;1.1949000;1.1982800;1102128
EURUSD;D;20210415;000000;1.1982300;1.1993300;1.1954000;1.1969200;1069967
EURUSD;D;20210416;000000;1.1969300;1.1994800;1.1949000;1.1982300;954541
EURUSD;D;20210418;000000;1.1982000;1.1982000;1.1964700;1.1968600;53593
EURUSD;D;20210419;000000;1.1968900;1.2048100;1.1941000;1.2042400;1253064
EURUSD;D;20210420;000000;1.2042500;1.2079800;1.2021000;1.2032400;1226820
EURUSD;D;20210421;000000;1.2031400;1.2043700;1.1997000;1.2037100;1052657
EURUSD;D;20210422;000000;1.2037200;1.2069700;1.1992000;1.2013900;1320205
EURUSD;D;20210423;000000;1.2014400;1.2100000;1.2011000;1.2096500;1087948
EURUSD;D;20210425;000000;1.2098000;1.2098600;1.2087000;1.2089100;47895
EURUSD;D;20210426;000000;1.2089200;1.2117000;1.2059000;1.2079500;1112255
EURUSD;D;20210427;000000;1.2079500;1.2093000;1.2055000;1.2089100;1077118
EURUSD;D;20210428;000000;1.2089000;1.2135500;1.2054000;1.2134700;1347439
EURUSD;D;20210429;000000;1.2133900;1.2150000;1.2100000;1.2123000;1206639
EURUSD;D;20210430;000000;1.2123600;1.2126600;1.2015000;1.2019000;1212493
EURUSD;D;20210502;000000;1.2020000;1.2035000;1.2019400;1.2026900;40976
EURUSD;D;20210503;000000;1.2026200;1.2076200;1.2011000;1.2058000;996319
EURUSD;D;20210504;000000;1.2058800;1.2060100;1.1997000;1.2013700;1340245
EURUSD;D;20210505;000000;1.2014200;1.2026700;1.1984000;1.2007200;1156598
EURUSD;D;20210506;000000;1.2006700;1.2071900;1.1991000;1.2064800;1253290
EURUSD;D;20210507;000000;1.2064000;1.2171500;1.2051000;1.2162500;1440609
EURUSD;D;20210509;000000;1.2162000;1.2176900;1.2159800;1.2170400;74351
EURUSD;D;20210510;000000;1.2170500;1.2178300;1.2125700;1.2139700;1792410
EURUSD;D;20210511;000000;1.2140100;1.2181700;1.2121000;1.2144200;1990608
EURUSD;D;20210512;000000;1.2143200;1.2152200;1.2064000;1.2077400;2254439
EURUSD;D;20210513;000000;1.2077400;1.2106100;1.2050000;1.2076500;2228487
EURUSD;D;20210514;000000;1.2076500;1.2147700;1.2069000;1.2145100;1736827
EURUSD;D;20210516;000000;1.2148000;1.2151200;1.2137500;1.2149700;60788
EURUSD;D;20210517;000000;1.2149600;1.2169000;1.2124000;1.2156300;1642114
EURUSD;D;20210518;000000;1.2156100;1.2234100;1.2152000;1.2222300;1611453
EURUSD;D;20210519;000000;1.2222400;1.2245500;1.2158000;1.2170400;2078353
EURUSD;D;20210520;000000;1.2169600;1.2230100;1.2167000;1.2224200;1683860
EURUSD;D;20210521;000000;1.2224000;1.2239900;1.2159000;1.2178000;1681445
EURUSD;D;20210523;000000;1.2178000;1.2184400;1.2171000;1.2180700;61410
EURUSD;D;20210524;000000;1.2180600;1.2230000;1.2173000;1.2213900;1556051
EURUSD;D;20210525;000000;1.2213900;1.2266400;1.2210000;1.2247000;1682662
EURUSD;D;20210526;000000;1.2246000;1.2263000;1.2180000;1.2192000;1543405
EURUSD;D;20210527;000000;1.2191200;1.2215100;1.2173000;1.2192500;1602258
EURUSD;D;20210528;000000;1.2192700;1.2205000;1.2130600;1.2189000;1536989
EURUSD;D;20210530;000000;1.2194000;1.2200300;1.2187000;1.2189000;27227
EURUSD;D;20210531;000000;1.2189200;1.2234500;1.2181400;1.2232300;734819
EURUSD;D;20210601;000000;1.2232000;1.2254400;1.2209500;1.2216600;1186427
EURUSD;D;20210602;000000;1.2216600;1.2226500;1.2162000;1.2209200;1496397
EURUSD;D;20210603;000000;1.2209300;1.2214200;1.2116000;1.2129800;1452388
EURUSD;D;20210604;000000;1.2129800;1.2185800;1.2101900;1.2164000;1425512
EURUSD;D;20210606;000000;1.2159600;1.2167700;1.2159100;1.2166300;40363
EURUSD;D;20210607;000000;1.2166300;1.2201800;1.2142900;1.2189000;1160431
EURUSD;D;20210608;000000;1.2189700;1.2194200;1.2162000;1.2171600;1293376
EURUSD;D;20210609;000000;1.2171600;1.2218000;1.2169000;1.2178300;1083059
EURUSD;D;20210610;000000;1.2178300;1.2194700;1.2141200;1.2172400;1583708
EURUSD;D;20210611;000000;1.2172400;1.2193000;1.2090700;1.2108000;1256755
EURUSD;D;20210613;000000;1.2107000;1.2112200;1.2099700;1.2109400;44282
EURUSD;D;20210614;000000;1.2109300;1.2130600;1.2092000;1.2121600;1083358
EURUSD;D;20210615;000000;1.2121600;1.2147300;1.2099000;1.2124400;1184020
EURUSD;D;20210616;000000;1.2124400;1.2135000;1.1985000;1.1994900;1638628
EURUSD;D;20210617;000000;1.1995200;1.2006300;1.1890000;1.1912700;1971464
EURUSD;D;20210618;000000;1.1912800;1.1925000;1.1846000;1.1859200;1955966
EURUSD;D;20210620;000000;1.1857000;1.1877800;1.1854200;1.1870000;59748
EURUSD;D;20210621;000000;1.1870300;1.1921400;1.1846000;1.1911100;1744696
EURUSD;D;20210622;000000;1.1911700;1.1952700;1.1879000;1.1936000;1406866
EURUSD;D;20210623;000000;1.1936200;1.1970100;1.1910000;1.1929600;1383243
EURUSD;D;20210624;000000;1.1929600;1.1956300;1.1916000;1.1927700;1316437
EURUSD;D;20210625;000000;1.1927800;1.1975300;1.1924000;1.1933000;1189552
EURUSD;D;20210627;000000;1.1928000;1.1942100;1.1928000;1.1940700;40742
EURUSD;D;20210628;000000;1.1941200;1.1944500;1.1900000;1.1928400;1285564
EURUSD;D;20210629;000000;1.1928600;1.1930000;1.1876000;1.1899400;1273368
EURUSD;D;20210630;000000;1.1900100;1.1909000;1.1843000;1.1855000;1386635
EURUSD;D;20210701;000000;1.1855800;1.1884200;1.1836000;1.1844800;1378390
EURUSD;D;20210702;000000;1.1845700;1.1874300;1.1806000;1.1862000;1408653
EURUSD;D;20210704;000000;1.1837000;1.1869000;1.1837000;1.1855600;44997
EURUSD;D;20210705;000000;1.1855500;1.1880600;1.1850000;1.1862500;925971
EURUSD;D;20210706;000000;1.1862400;1.1895200;1.1805000;1.1822100;1580791
EURUSD;D;20210707;000000;1.1822100;1.1836400;1.1780000;1.1792100;1500240
EURUSD;D;20210708;000000;1.1792900;1.1867800;1.1782000;1.1846100;1710517
EURUSD;D;20210709;000000;1.1845500;1.1881200;1.1823000;1.1874600;1322239
EURUSD;D;20210711;000000;1.1850000;1.1878500;1.1850000;1.1872400;43118
EURUSD;D;20210712;000000;1.1872400;1.1880200;1.1834000;1.1862600;776966
EURUSD;D;20210713;000000;1.1861900;1.1875100;1.1770000;1.1774000;925275
EURUSD;D;20210714;000000;1.1774800;1.1838800;1.1770000;1.1832800;878359
EURUSD;D;20210715;000000;1.1832800;1.1850600;1.1794000;1.1810600;898130
EURUSD;D;20210716;000000;1.1811200;1.1822400;1.1790000;1.1805000;801059
EURUSD;D;20210718;000000;1.1794000;1.1813900;1.1794000;1.1812600;41805
EURUSD;D;20210719;000000;1.1812400;1.1824500;1.1762000;1.1791600;1610374
EURUSD;D;20210720;000000;1.1791600;1.1802500;1.1754000;1.1781100;1584928
EURUSD;D;20210721;000000;1.1781000;1.1805000;1.1750000;1.1791400;1429121
EURUSD;D;20210722;000000;1.1792000;1.1830500;1.1756000;1.1772100;1578860
EURUSD;D;20210723;000000;1.1772100;1.1786500;1.1753000;1.1768000;1149318
EURUSD;D;20210725;000000;1.1785000;1.1785000;1.1767200;1.1772900;24817
EURUSD;D;20210726;000000;1.1772000;1.1817300;1.1761000;1.1804700;861864
EURUSD;D;20210727;000000;1.1804700;1.1841200;1.1768000;1.1820100;912274
EURUSD;D;20210728;000000;1.1819600;1.1849400;1.1771100;1.1845300;1570300
EURUSD;D;20210729;000000;1.1845600;1.1894400;1.1839000;1.1890200;1266807
EURUSD;D;20210730;000000;1.1890100;1.1908700;1.1850000;1.1868400;1320467
EURUSD;D;20210801;000000;1.1867100;1.1869600;1.1860000;1.1866000;26209
EURUSD;D;20210802;000000;1.1866200;1.1897000;1.1857000;1.1873200;774414
EURUSD;D;20210803;000000;1.1874100;1.1893400;1.1852000;1.1869400;796984
EURUSD;D;20210804;000000;1.1869300;1.1899700;1.1831000;1.1837000;857482
EURUSD;D;20210805;000000;1.1837100;1.1857300;1.1826000;1.1832400;799667
EURUSD;D;20210806;000000;1.1833100;1.1833400;1.1753000;1.1761000;822795
EURUSD;D;20210808;000000;1.1758700;1.1763000;1.1741000;1.1747400;64367
EURUSD;D;20210809;000000;1.1746800;1.1769000;1.1732100;1.1736000;1122770
EURUSD;D;20210810;000000;1.1735800;1.1743000;1.1708000;1.1718800;1127002
EURUSD;D;20210811;000000;1.1719300;1.1753800;1.1704000;1.1741700;1162720
EURUSD;D;20210812;000000;1.1741500;1.1748300;1.1722000;1.1735300;976160
EURUSD;D;20210813;000000;1.1735700;1.1804800;1.1729000;1.1793600;882013
EURUSD;D;20210815;000000;1.1794500;1.1801000;1.1789000;1.1793400;37219
EURUSD;D;20210816;000000;1.1793800;1.1801000;1.1766000;1.1777600;980984
EURUSD;D;20210817;000000;1.1777500;1.1784800;1.1699800;1.1708900;1283047
EURUSD;D;20210818;000000;1.1709100;1.1742500;1.1692000;1.1702500;1235643
EURUSD;D;20210819;000000;1.1702400;1.1704100;1.1664000;1.1676000;1412952
EURUSD;D;20210820;000000;1.1676100;1.1704500;1.1662000;1.1694900;1101276
EURUSD;D;20210822;000000;1.1692000;1.1701400;1.1690700;1.1696800;39230
EURUSD;D;20210823;000000;1.1696500;1.1750300;1.1693000;1.1743300;1086886
